,sample,process,starttime,label,read_0,write_0,rename_0,delete_0,query_information_0,filesize_0,instructions_0,branchinstructions_0,branchmispredicts_0,llcrefs_0,llcmisses_0,read_1,write_1,rename_1,delete_1,query_information_1,filesize_1,instructions_1,branchinstructions_1,branchmispredicts_1,llcrefs_1,llcmisses_1,read_2,write_2,rename_2,delete_2,query_information_2,filesize_2,instructions_2,branchinstructions_2,branchmispredicts_2,llcrefs_2,llcmisses_2,read_3,write_3,rename_3,delete_3,query_information_3,filesize_3,instructions_3,branchinstructions_3,branchmispredicts_3,llcrefs_3,llcmisses_3,read_4,write_4,rename_4,delete_4,query_information_4,filesize_4,instructions_4,branchinstructions_4,branchmispredicts_4,llcrefs_4,llcmisses_4,read_5,write_5,rename_5,delete_5,query_information_5,filesize_5,instructions_5,branchinstructions_5,branchmispredicts_5,llcrefs_5,llcmisses_5,read_6,write_6,rename_6,delete_6,query_information_6,filesize_6,instructions_6,branchinstructions_6,branchmispredicts_6,llcrefs_6,llcmisses_6,read_7,write_7,rename_7,delete_7,query_information_7,filesize_7,instructions_7,branchinstructions_7,branchmispredicts_7,llcrefs_7,llcmisses_7,read_8,write_8,rename_8,delete_8,query_information_8,filesize_8,instructions_8,branchinstructions_8,branchmispredicts_8,llcrefs_8,llcmisses_8,read_9,write_9,rename_9,delete_9,query_information_9,filesize_9,instructions_9,branchinstructions_9,branchmispredicts_9,llcrefs_9,llcmisses_9
0,Argus-2b5c0eed6f0e364b39dba4263611b01e7c2399232fbf23a66ad17760d616314c,Argus-2b5c0eed6f0e364b39dba4263611b01e7c2399232fbf23a66ad17760d616314c.exe,133344026410000000,1,0,0,0,0,0,0,0,0,0,0,0,0,0,0,0,16,0,2376,537,20,62,9,7,0,0,0,22,180262,12389,2586,54,98,29,0,0,0,0,0,0,20520,3223,42,2,1,0,0,0,0,0,0,20367,3162,39,3,0,0,0,0,0,0,0,19808,3077,37,4,1,0,0,0,0,2,0,13012,2300,35,79,48,6,0,0,0,16,180530,10150,2271,64,93,27,1,0,0,0,6,584,11151,2538,76,93,13,0,0,0,0,4,0,10216,2355,75,119,20
1,Argus-2b5c0eed6f0e364b39dba4263611b01e7c2399232fbf23a66ad17760d616314c,Argus-2b5c0eed6f0e364b39dba4263611b01e7c2399232fbf23a66ad17760d616314c.exe,133344026420000000,1,0,0,0,0,0,0,58,12,1,4,0,0,0,0,0,0,0,0,0,0,0,0,0,0,0,0,0,0,0,0,0,0,0,0,0,0,0,0,0,0,0,0,0,0,0,0,0,0,0,0,0,0,0,0,0,0,0,0,0,0,0,0,0,0,0,0,0,0,0,0,0,0,0,0,0,0,0,0,0,0,0,0,0,0,0,0,0,0,0,0,0,0,0,0,0,0,0,0,0,0,0,0,0,0,0,0,0,0,0,0
2,Argus-2b5c0eed6f0e364b39dba4263611b01e7c2399232fbf23a66ad17760d616314c,Argus-2b5c0eed6f0e364b39dba4263611b01e7c2399232fbf23a66ad17760d616314c.exe,133344026490000000,1,0,0,0,0,0,0,0,0,0,0,0,0,0,0,0,0,0,0,0,0,0,0,0,0,0,0,0,0,0,0,0,0,0,0,0,0,0,10,0,7958,1842,53,79,15,3,0,0,0,21,2512,10490,2492,77,198,34,19,0,0,0,36,683658,5107,1199,49,199,26,0,0,0,0,7,0,2151,480,21,114,14,0,0,0,0,0,0,0,0,0,0,0,0,0,0,0,0,0,39,9,1,2,2,0,0,0,0,0,0,0,0,0,0,0
3,Argus-2b5c0eed6f0e364b39dba4263611b01e7c2399232fbf23a66ad17760d616314c,Argus-2b5c0eed6f0e364b39dba4263611b01e7c2399232fbf23a66ad17760d616314c.exe,133344026500000000,1,0,0,0,0,0,0,99,24,0,6,2,0,0,0,0,4,0,1048,238,10,31,6,0,0,0,0,0,0,0,0,0,0,0,0,0,0,0,0,0,4100,295,9,12,4,0,0,0,0,0,0,23769,2269,43,40,18,0,0,0,0,3,0,13615,1400,50,103,15,0,0,0,0,0,0,12507,2881,81,402,34,8,0,0,0,15,1375981,27978,6734,109,631,29,0,0,0,0,1,0,91878,4890,105,21,11,0,0,0,0,0,0,79728,4204,89,21,8
4,Argus-2b5c0eed6f0e364b39dba4263611b01e7c2399232fbf23a66ad17760d616314c,Argus-2b5c0eed6f0e364b39dba4263611b01e7c2399232fbf23a66ad17760d616314c.exe,133344026510000000,1,0,0,0,0,0,0,93220,4868,101,11,8,6,6,0,0,18,2579680,80184,5797,113,120,45,1,2,0,0,3,146287,74205,4009,85,22,11,1,0,0,0,3,18290,87202,4622,99,18,8,2,3,0,0,7,1290305,85579,5012,103,37,16,3,4,0,0,10,1417310,77127,4973,100,78,30,2,0,0,0,4,627347,72073,4820,95,38,18,1,1,0,0,3,173073,76355,4297,87,22,10,2,3,0,0,8,255641,81811,4814,100,38,16,3,2,0,0,7,2254461,78309,4662,94,61,25
5,Argus-2b5c0eed6f0e364b39dba4263611b01e7c2399232fbf23a66ad17760d616314c,Argus-2b5c0eed6f0e364b39dba4263611b01e7c2399232fbf23a66ad17760d616314c.exe,133344026520000000,1,2,2,0,0,6,1606013,71904,4294,87,50,23,1,1,0,0,3,553991,80219,4342,93,31,18,4,4,0,0,12,1275417,80120,4902,98,66,31,1,1,0,0,3,177692,91156,4916,105,25,6,1,2,0,0,4,1321153,89663,5125,103,52,31,4,3,0,0,10,7079407,90642,5714,109,74,29,3,3,0,0,10,327083,85452,5273,107,43,15,0,0,0,0,0,0,75884,4805,94,32,17,2,2,0,0,5,1463543,77300,4561,88,43,14,4,4,0,0,13,2091194,91421,5905,118,74,29
6,Argus-2b5c0eed6f0e364b39dba4263611b01e7c2399232fbf23a66ad17760d616314c,Argus-2b5c0eed6f0e364b39dba4263611b01e7c2399232fbf23a66ad17760d616314c.exe,133344026530000000,1,1,1,0,0,3,50450,84390,5076,101,114,70,1,1,0,0,3,5336330,85222,5077,99,44,19,3,3,0,0,9,532460,84443,4980,103,41,20,2,2,0,0,6,1926743,83177,4996,103,62,28,1,1,0,0,3,942679,81651,4633,96,34,10,1,1,0,0,3,50465,81681,4509,93,24,13,1,2,0,0,4,468519,81691,4599,95,30,16,4,3,0,0,11,738494,88433,5159,107,52,21,3,3,0,0,8,9461537,88929,5894,106,101,46,0,1,0,0,1,299543,86010,5344,100,41,20
7,Argus-2b5c0eed6f0e364b39dba4263611b01e7c2399232fbf23a66ad17760d616314c,Argus-2b5c0eed6f0e364b39dba4263611b01e7c2399232fbf23a66ad17760d616314c.exe,133344026540000000,1,4,3,0,0,12,1699050,79089,5285,110,85,31,0,0,0,0,0,0,85467,4681,95,21,6,2,2,0,0,6,237054,83261,5054,99,62,30,0,1,0,0,0,8080232,89919,5691,101,131,80,5,4,0,0,15,3143593,80730,5682,107,97,38,3,3,0,0,9,245917,89990,5213,106,38,10,0,0,0,0,0,0,80281,4324,93,14,7,0,1,0,0,1,256743,85641,4620,99,19,11,3,2,0,0,7,5431344,76078,4888,94,86,48,4,4,0,0,13,6743365,75628,5501,101,87,37
8,Argus-2b5c0eed6f0e364b39dba4263611b01e7c2399232fbf23a66ad17760d616314c,Argus-2b5c0eed6f0e364b39dba4263611b01e7c2399232fbf23a66ad17760d616314c.exe,133344026550000000,1,0,0,0,0,0,0,86762,4549,93,12,6,2,2,0,0,6,785016,84454,5316,105,46,25,0,0,0,0,0,0,81360,4661,97,20,7,2,3,0,0,6,4910297,76578,5250,98,133,69,4,3,0,0,12,4419087,86002,6132,109,127,66,2,2,0,0,6,2662806,74278,4611,89,96,50,0,0,0,0,0,0,79596,4076,89,12,6,3,3,0,0,9,545446,75049,4627,92,47,18,2,2,0,0,6,559479,78865,4450,93,35,15,2,2,0,0,6,279559,79457,4522,95,31,14
9,Argus-2b5c0eed6f0e364b39dba4263611b01e7c2399232fbf23a66ad17760d616314c,Argus-2b5c0eed6f0e364b39dba4263611b01e7c2399232fbf23a66ad17760d616314c.exe,133344026560000000,1,0,0,0,0,0,0,79542,4182,90,10,4,2,2,0,0,6,371748,66502,3914,82,45,15,2,3,0,0,8,2731729,78473,4807,96,59,24,2,1,0,0,4,1061932,65137,4180,85,54,25,2,2,0,0,6,259788,76906,4898,102,39,17,2,2,0,0,5,1063469,80942,4659,98,44,23,2,2,0,0,7,1859670,89420,5447,108,74,35,3,3,0,0,9,3774928,87881,5481,104,70,31,1,1,0,0,3,1350422,90931,5031,104,23,12,2,2,0,0,6,433934,91057,5214,108,38,17
10,Argus-2b5c0eed6f0e364b39dba4263611b01e7c2399232fbf23a66ad17760d616314c,Argus-2b5c0eed6f0e364b39dba4263611b01e7c2399232fbf23a66ad17760d616314c.exe,133344026570000000,1,1,1,0,0,3,193847,92027,5122,103,46,25,3,4,0,0,10,2838395,85421,5499,110,69,35,2,2,0,0,7,1056915,91334,5140,108,37,18,2,1,0,0,4,5038952,81994,5111,94,67,31,1,2,0,0,4,282162,72188,4104,85,34,10,1,1,0,0,2,54103,75814,4782,98,41,17,4,3,0,0,12,1185941,77676,5440,105,117,56,1,2,0,0,4,3735196,88373,5233,102,59,32,1,0,0,0,2,270336,80306,4302,87,16,5,4,4,0,0,12,1450785,82402,5077,103,46,16
11,Argus-2b5c0eed6f0e364b39dba4263611b01e7c2399232fbf23a66ad17760d616314c,Argus-2b5c0eed6f0e364b39dba4263611b01e7c2399232fbf23a66ad17760d616314c.exe,133344026580000000,1,2,3,0,0,7,4573362,79794,4843,97,58,30,2,1,0,0,5,260810,79046,4667,88,23,10,0,0,0,0,0,0,79868,4285,89,27,17,2,2,0,0,6,1128054,77254,4528,92,33,15,1,1,0,0,3,10568,74290,4302,86,68,38,3,3,0,0,8,5942148,70682,4746,87,80,36,2,2,0,0,7,526764,79109,4738,98,32,17,3,3,0,0,9,201040,80830,4936,102,44,19,0,0,0,0,0,0,77646,4452,94,16,4,2,2,0,0,6,1624776,71814,4615,90,68,33
12,Argus-2b5c0eed6f0e364b39dba4263611b01e7c2399232fbf23a66ad17760d616314c,Argus-2b5c0eed6f0e364b39dba4263611b01e7c2399232fbf23a66ad17760d616314c.exe,133344026590000000,1,2,2,0,0,6,1107669,63058,3729,77,42,18,0,0,0,0,0,0,75303,4001,84,14,9,3,3,0,0,9,482767,68013,4083,86,38,15,2,2,0,0,6,2132560,74644,4553,94,70,39,1,1,0,0,3,258678,74238,3997,85,22,8,2,2,0,0,6,152272,61404,3481,76,30,13,2,4,0,0,8,912475,72389,4438,93,53,18,3,1,0,0,7,1241965,78298,4465,94,45,20,1,1,0,0,3,198048,79701,4422,88,18,9,1,1,0,0,3,509462,79570,4513,92,22,8
13,Argus-2b5c0eed6f0e364b39dba4263611b01e7c2399232fbf23a66ad17760d616314c,Argus-2b5c0eed6f0e364b39dba4263611b01e7c2399232fbf23a66ad17760d616314c.exe,133344026600000000,1,2,2,0,0,6,766595,74178,5012,100,57,25,1,2,0,0,5,84944,70866,4466,90,31,13,2,3,0,0,7,1455661,66714,4268,80,62,28,2,0,0,0,3,35461,69164,3687,80,23,10,1,1,0,0,3,1565911,73078,4149,86,34,14,0,0,0,0,0,0,78175,4088,87,10,9,1,2,0,0,4,162396,59824,3477,72,41,16,5,4,0,0,14,6244461,78302,5375,97,75,32,1,2,0,0,3,1273271,76065,4415,89,46,25,1,0,0,0,3,399360,79762,4289,93,15,6
14,Argus-2b5c0eed6f0e364b39dba4263611b01e7c2399232fbf23a66ad17760d616314c,Argus-2b5c0eed6f0e364b39dba4263611b01e7c2399232fbf23a66ad17760d616314c.exe,133344026610000000,1,3,3,0,0,9,2622265,77640,4937,93,90,46,2,2,0,0,6,324546,81873,4647,95,24,6,0,2,0,0,2,3295614,77070,4949,91,88,46,3,1,0,0,7,1200504,73974,5055,99,64,28,1,2,0,0,4,110364,75858,4511,95,28,15,3,2,0,0,8,1443504,77153,4474,93,34,11,1,1,0,0,3,379133,77745,4259,89,24,10,2,2,0,0,6,577629,75155,4327,90,45,21,4,5,0,0,14,2735248,86878,5643,115,89,38,1,0,0,0,1,1245696,84786,4614,94,13,9
15,Argus-2b5c0eed6f0e364b39dba4263611b01e7c2399232fbf23a66ad17760d616314c,Argus-2b5c0eed6f0e364b39dba4263611b01e7c2399232fbf23a66ad17760d616314c.exe,133344026620000000,1,2,2,0,0,6,1608510,79133,4730,94,36,16,1,1,0,0,2,76171,77984,4320,90,24,11,2,2,0,0,7,1162218,78034,4551,89,46,21,2,2,0,0,6,200737,78031,4503,92,30,11,2,2,0,0,6,1934301,77189,4677,92,56,29,0,0,0,0,0,0,76448,4850,93,22,12,3,3,0,0,9,2155530,76444,4882,94,76,32,2,2,0,0,6,2177488,74775,4394,88,39,16,1,1,0,0,3,1516239,69777,3942,78,38,19,2,2,0,0,6,954060,74728,4364,87,39,19
16,Argus-2b5c0eed6f0e364b39dba4263611b01e7c2399232fbf23a66ad17760d616314c,Argus-2b5c0eed6f0e364b39dba4263611b01e7c2399232fbf23a66ad17760d616314c.exe,133344026630000000,1,2,2,0,0,5,4709333,77873,4614,89,39,15,1,2,0,0,4,1586828,65246,4095,79,61,33,2,1,0,0,6,209641,72566,4144,85,37,18,1,2,0,0,3,2475385,70600,4190,79,60,34,3,2,0,0,9,471561,73240,4450,91,37,16,1,1,0,0,3,2367630,59779,3441,68,31,11,0,0,0,0,0,0,62107,3517,69,61,42,2,3,0,0,7,5695383,68703,5039,91,103,59,4,3,0,0,11,1836427,59516,4332,86,79,32,2,2,0,0,6,2427937,73147,4725,89,74,39
17,Argus-2b5c0eed6f0e364b39dba4263611b01e7c2399232fbf23a66ad17760d616314c,Argus-2b5c0eed6f0e364b39dba4263611b01e7c2399232fbf23a66ad17760d616314c.exe,133344026640000000,1,0,0,0,0,0,0,79629,4114,87,9,5,1,1,0,0,3,904551,82318,4595,92,36,24,4,4,0,0,12,634364,69683,4473,93,48,21,1,1,0,0,3,624268,65634,3575,75,22,8,1,1,0,0,3,9537,67656,3855,77,39,21,1,1,0,0,3,1184789,63878,3576,74,37,17,2,2,0,0,6,367696,85702,4959,103,28,13,2,2,0,0,6,2159294,83396,5047,100,58,26,2,2,0,0,6,139634,76366,4387,93,33,10,1,1,0,0,3,1029589,68097,4075,80,44,22
18,Argus-2b5c0eed6f0e364b39dba4263611b01e7c2399232fbf23a66ad17760d616314c,Argus-2b5c0eed6f0e364b39dba4263611b01e7c2399232fbf23a66ad17760d616314c.exe,133344026650000000,1,2,2,0,0,6,3245932,67578,4302,77,58,24,0,1,0,0,0,1287528,68825,4429,88,54,29,3,2,0,0,9,510979,80314,4608,99,43,19,2,2,0,0,6,1191884,82172,5085,97,51,21,0,1,0,0,0,2850664,82357,4775,95,78,45,4,3,0,0,12,627538,86626,5280,105,51,19,3,3,0,0,9,691697,81052,4742,99,42,16,1,1,0,0,3,1016422,81790,4616,93,30,13,1,2,0,0,4,1609125,74862,4386,89,45,19,3,2,0,0,8,188537,71144,4098,88,35,12
19,Argus-2b5c0eed6f0e364b39dba4263611b01e7c2399232fbf23a66ad17760d616314c,Argus-2b5c0eed6f0e364b39dba4263611b01e7c2399232fbf23a66ad17760d616314c.exe,133344026660000000,1,2,2,0,0,6,159650,68503,4005,83,41,14,0,1,0,0,2,118599,79245,4284,87,21,11,3,2,0,0,7,2249340,77796,4815,92,83,39,1,1,0,0,3,75862,81080,4949,97,32,16,2,3,0,0,6,429250,86213,5523,108,42,12,2,2,0,0,8,2089928,75416,5131,94,46,18,2,1,0,0,4,136054,74854,4149,88,30,10,1,1,0,0,3,640245,88089,4935,100,19,9,2,2,0,0,5,2840169,87001,4931,98,34,16,3,3,0,0,9,7316036,66962,4714,81,71,22
20,Argus-2b5c0eed6f0e364b39dba4263611b01e7c2399232fbf23a66ad17760d616314c,Argus-2b5c0eed6f0e364b39dba4263611b01e7c2399232fbf23a66ad17760d616314c.exe,133344026670000000,1,1,1,0,0,3,2416662,75272,4304,84,27,14,1,2,0,0,6,2720863,66815,4398,83,95,47,1,1,0,0,1,2966651,85970,4986,99,66,38,4,3,0,0,12,1317866,55093,3839,74,86,38,0,0,0,0,0,0,77720,4278,88,25,11,2,2,0,0,6,2542464,83276,5390,105,87,51,2,2,0,0,6,1040602,87194,5784,107,115,64,4,4,0,0,11,6867178,84138,5819,103,94,39,0,0,0,0,1,0,85703,4518,97,11,3,1,1,0,0,2,5057943,72584,4185,82,36,21
21,Argus-2b5c0eed6f0e364b39dba4263611b01e7c2399232fbf23a66ad17760d616314c,Argus-2b5c0eed6f0e364b39dba4263611b01e7c2399232fbf23a66ad17760d616314c.exe,133344026680000000,1,2,3,0,0,8,602811,78264,4919,94,46,21,4,3,0,0,11,613467,78483,4744,96,55,21,0,0,0,0,0,0,71092,3664,78,14,4,1,1,0,0,3,221030,77156,4428,89,37,15,1,2,0,0,2,7113942,75331,4755,89,110,63,5,5,0,0,17,583403,84650,5723,110,59,15,1,0,0,0,2,47566,85694,4499,94,14,3,1,1,0,0,3,208915,82976,5372,106,37,17,1,1,0,0,3,202238,73459,4532,86,52,27,4,4,0,0,12,8007173,74858,5341,93,98,41
22,Argus-2b5c0eed6f0e364b39dba4263611b01e7c2399232fbf23a66ad17760d616314c,Argus-2b5c0eed6f0e364b39dba4263611b01e7c2399232fbf23a66ad17760d616314c.exe,133344026690000000,1,2,2,0,0,6,1631624,75317,4506,93,31,14,0,0,0,0,0,0,79107,4162,86,6,4,0,0,0,0,0,0,68830,3603,76,19,3,3,3,0,0,9,3405985,65701,4412,80,100,59,3,3,0,0,9,3078547,76829,4925,97,84,42,1,1,0,0,3,364749,85258,4687,96,39,22,2,2,0,0,5,2764052,82067,4873,97,63,29,4,4,0,0,13,1342054,88129,5364,108,41,11,1,2,0,0,4,63514,82140,5278,104,38,18,1,0,0,0,2,502279,87361,4960,100,14,3
23,Argus-2b5c0eed6f0e364b39dba4263611b01e7c2399232fbf23a66ad17760d616314c,Argus-2b5c0eed6f0e364b39dba4263611b01e7c2399232fbf23a66ad17760d616314c.exe,133344026700000000,1,2,2,0,0,5,13671430,82584,5328,96,99,45,3,3,0,0,9,1230438,77901,5380,94,68,25,3,3,0,0,9,1813837,74829,5156,87,62,30,0,0,0,0,1,0,80606,4266,90,15,3,1,1,0,0,3,1589064,82577,4627,94,48,31,2,3,0,0,6,534617,87189,5039,104,37,15,1,0,0,0,3,4275,84891,5356,96,140,83,2,3,0,0,6,12736934,74615,5137,91,135,74,1,0,0,0,2,645632,83287,5426,93,37,13,2,2,0,0,7,867833,85273,5392,106,47,23
24,Argus-2b5c0eed6f0e364b39dba4263611b01e7c2399232fbf23a66ad17760d616314c,Argus-2b5c0eed6f0e364b39dba4263611b01e7c2399232fbf23a66ad17760d616314c.exe,133344026710000000,1,2,2,0,0,6,1139606,86559,5558,107,37,14,1,1,0,0,3,134414,88207,4816,102,20,5,1,1,0,0,3,117134,87248,4896,99,34,14,4,5,0,0,13,4495696,82652,5350,101,67,22,2,1,0,0,5,1080643,70078,4036,82,54,26,1,1,0,0,3,287319,73247,3970,84,21,9,1,2,0,0,4,223347,82461,4671,97,24,10,3,3,0,0,10,592607,87333,5103,105,35,8,1,1,0,0,1,3360616,83444,4909,93,74,40,3,2,0,0,9,244220,80047,4763,96,36,13
25,Argus-2b5c0eed6f0e364b39dba4263611b01e7c2399232fbf23a66ad17760d616314c,Argus-2b5c0eed6f0e364b39dba4263611b01e7c2399232fbf23a66ad17760d616314c.exe,133344026720000000,1,2,2,0,0,5,4096420,79242,4866,95,50,19,1,2,0,0,4,521331,71687,4689,90,58,26,2,1,0,0,6,694941,78553,4882,100,37,18,1,2,0,0,4,304364,87532,5039,101,22,8,3,2,0,0,8,1571658,85597,5063,103,49,19,1,3,0,0,3,4488139,70286,4415,85,112,60,3,1,0,0,8,4043127,75449,4629,91,50,20,2,3,0,0,8,2491634,81158,5240,93,68,28,2,1,0,0,5,116433,74144,4106,84,25,7,1,1,0,0,3,280430,75837,4017,85,16,9
26,Argus-2b5c0eed6f0e364b39dba4263611b01e7c2399232fbf23a66ad17760d616314c,Argus-2b5c0eed6f0e364b39dba4263611b01e7c2399232fbf23a66ad17760d616314c.exe,133344026730000000,1,3,3,0,0,8,524903,74211,4405,88,34,12,2,2,0,0,6,2559646,72951,4391,88,60,24,0,1,0,0,2,142711,65400,4324,83,59,29,2,1,0,0,5,3953925,65186,4153,77,77,40,1,1,0,0,3,514790,64636,3679,79,21,9,3,3,0,0,9,736662,55131,3900,78,65,20,0,0,0,0,0,0,48309,2630,58,22,5,2,2,0,0,6,3175621,62747,4237,77,74,37,2,2,0,0,6,352525,68428,3886,85,27,11,0,1,0,0,0,422759,75041,3967,84,20,14
27,Argus-2b5c0eed6f0e364b39dba4263611b01e7c2399232fbf23a66ad17760d616314c,Argus-2b5c0eed6f0e364b39dba4263611b01e7c2399232fbf23a66ad17760d616314c.exe,133344026740000000,1,3,3,0,0,9,4262672,73626,4461,88,45,18,4,3,0,0,12,1892379,72792,4826,94,66,31,1,1,0,0,3,89713,72751,4041,82,21,4,1,1,0,0,3,24724,77980,4126,88,11,6,1,1,0,0,3,416780,76269,4311,88,21,12,1,3,0,0,4,3617831,63712,4160,77,95,51,3,1,0,0,8,5174916,59996,4631,79,66,30,2,2,0,0,6,239314,54988,3666,75,45,18,1,1,0,0,3,46243,63959,3514,75,14,5,1,1,0,0,3,4681,73378,3994,83,14,6
28,Argus-2b5c0eed6f0e364b39dba4263611b01e7c2399232fbf23a66ad17760d616314c,Argus-2b5c0eed6f0e364b39dba4263611b01e7c2399232fbf23a66ad17760d616314c.exe,133344026750000000,1,2,2,0,0,6,406367,75596,4324,89,30,12,2,2,0,0,6,714945,75226,4371,89,27,10,2,3,0,0,6,5974434,70268,4655,83,121,61,1,0,0,0,3,44039,76643,4415,88,19,8,3,3,0,0,9,178557,75486,4439,90,29,8,2,2,0,0,5,2420022,71674,4174,88,49,20,2,2,0,0,7,1188280,70450,4381,85,55,25,0,0,0,0,0,0,70444,3641,77,6,1,2,2,0,0,6,133477,54895,3685,71,58,19,1,1,0,0,3,172006,72284,4494,92,21,9
29,Argus-2b5c0eed6f0e364b39dba4263611b01e7c2399232fbf23a66ad17760d616314c,Argus-2b5c0eed6f0e364b39dba4263611b01e7c2399232fbf23a66ad17760d616314c.exe,133344026760000000,1,2,2,0,0,5,2485089,69381,4364,83,72,33,1,1,0,0,4,93244,65334,3745,75,20,8,1,2,0,0,4,167186,66013,3789,76,16,6,2,1,0,0,5,249333,61170,3412,73,27,8,3,3,0,0,9,989505,62911,3850,81,41,16,0,0,0,0,0,0,71596,3684,82,7,3,2,2,0,0,6,1334555,73093,4389,89,33,9,1,1,0,0,3,732634,77718,4217,86,26,16,3,3,0,0,9,477468,64938,4121,82,35,10,2,2,0,0,6,1266984,57676,3719,75,61,28
30,Argus-2b5c0eed6f0e364b39dba4263611b01e7c2399232fbf23a66ad17760d616314c,Argus-2b5c0eed6f0e364b39dba4263611b01e7c2399232fbf23a66ad17760d616314c.exe,133344026770000000,1,0,0,0,0,0,0,61906,3865,76,17,10,2,2,0,0,6,1159376,65539,4154,82,39,17,1,1,0,0,3,970967,63176,3642,73,45,21,1,1,0,0,2,403734,72824,3914,82,15,8,1,1,0,0,4,122092,64258,3571,76,20,7,3,4,0,0,9,1170601,65203,4146,83,66,27,3,2,0,0,8,2975788,67255,4134,77,49,20,0,0,0,0,1,0,77667,4057,86,5,5,1,1,0,0,3,747245,73732,4117,85,22,6,3,4,0,0,10,2205128,75602,4657,94,52,18
31,Argus-2b5c0eed6f0e364b39dba4263611b01e7c2399232fbf23a66ad17760d616314c,Argus-2b5c0eed6f0e364b39dba4263611b01e7c2399232fbf23a66ad17760d616314c.exe,133344026780000000,1,3,2,0,0,8,1554922,62217,3967,80,55,24,0,1,0,0,1,2375384,59705,3988,76,74,36,1,0,0,0,2,202752,65717,3686,75,12,3,0,0,0,0,0,0,58225,3567,72,41,15,3,3,0,0,9,1816049,64036,3921,87,56,21,2,2,0,0,5,3207149,68062,4510,86,100,47,2,2,0,0,7,2394839,74615,4681,90,47,18,1,1,0,0,3,167718,76701,4211,87,19,4,2,2,0,0,6,1044473,76039,4390,90,45,22,3,3,0,0,9,1974592,74601,4756,93,70,28
32,Argus-2b5c0eed6f0e364b39dba4263611b01e7c2399232fbf23a66ad17760d616314c,Argus-2b5c0eed6f0e364b39dba4263611b01e7c2399232fbf23a66ad17760d616314c.exe,133344026790000000,1,1,1,0,0,3,993752,76415,4291,86,43,21,1,1,0,0,3,290510,66682,3753,81,27,8,0,0,0,0,0,0,78912,4160,87,11,4,3,3,0,0,9,2655024,76925,4844,95,52,20,3,3,0,0,8,5691072,80105,4917,98,53,22,2,2,0,0,7,327670,75252,5384,101,46,18,0,0,0,0,0,0,78089,4078,85,8,3,2,2,0,0,6,500446,73182,4362,88,36,12,2,2,0,0,6,904948,71283,4242,86,41,21,3,4,0,0,9,7541538,63302,4794,81,166,91
33,Argus-2b5c0eed6f0e364b39dba4263611b01e7c2399232fbf23a66ad17760d616314c,Argus-2b5c0eed6f0e364b39dba4263611b01e7c2399232fbf23a66ad17760d616314c.exe,133344026800000000,1,1,0,0,0,3,936063,66794,3979,75,22,9,1,1,0,0,3,296510,67105,3728,78,15,6,1,1,0,0,2,2497870,55900,3046,66,34,15,2,2,0,0,7,474406,67135,4185,80,36,15,2,2,0,0,6,1021867,67117,3923,80,32,11,1,3,0,0,4,1156733,68232,4112,79,46,25,2,0,0,0,5,212381,68232,4839,96,58,28,1,1,0,0,3,2503534,67349,4100,76,49,21,2,2,0,0,6,672483,61520,3757,78,44,20,2,2,0,0,6,1008857,62231,3628,75,33,16
34,Argus-2b5c0eed6f0e364b39dba4263611b01e7c2399232fbf23a66ad17760d616314c,Argus-2b5c0eed6f0e364b39dba4263611b01e7c2399232fbf23a66ad17760d616314c.exe,133344026810000000,1,2,2,0,0,6,586310,66297,3760,80,25,11,0,0,0,0,0,0,64329,3363,67,9,3,1,1,0,0,3,121734,55259,3044,62,26,7,2,2,0,0,6,253663,56948,3395,72,36,13,2,3,0,0,6,925022,67995,4005,83,51,28,2,1,0,0,6,3639108,72185,4496,86,47,16,1,1,0,0,3,108236,65675,3579,75,21,5,2,2,0,0,6,294419,70830,4876,95,48,20,2,2,0,0,6,942084,75859,4790,95,31,11,1,1,0,0,3,160005,76697,4225,87,15,4
35,Argus-2b5c0eed6f0e364b39dba4263611b01e7c2399232fbf23a66ad17760d616314c,Argus-2b5c0eed6f0e364b39dba4263611b01e7c2399232fbf23a66ad17760d616314c.exe,133344026820000000,1,1,1,0,0,3,55190,75526,4454,89,72,40,2,3,0,0,6,4582018,72052,4704,86,62,29,4,3,0,0,12,1725719,62413,3928,82,52,15,0,0,0,0,0,0,63785,3343,71,9,3,0,0,0,0,0,0,45847,2392,56,16,6,0,0,0,0,0,0,65439,3405,70,9,3,3,4,0,0,10,975787,69913,4486,88,56,25,3,2,0,0,8,231726,73211,4195,89,28,12,1,1,0,0,3,852268,76498,4327,88,41,23,1,1,0,0,3,556013,75031,5117,100,43,19
36,Argus-2b5c0eed6f0e364b39dba4263611b01e7c2399232fbf23a66ad17760d616314c,Argus-2b5c0eed6f0e364b39dba4263611b01e7c2399232fbf23a66ad17760d616314c.exe,133344026830000000,1,1,2,0,0,4,165724,76216,4311,86,26,8,5,4,0,0,14,518249,74035,4750,94,51,8,0,0,0,0,0,0,77183,4080,85,1,5,1,1,0,0,3,128156,77647,4289,87,17,5,2,2,0,0,6,612099,73561,4167,86,26,10,2,2,0,0,6,145452,64998,3705,78,30,13,2,2,0,0,6,713513,69495,4098,81,31,9,1,1,0,0,3,84380,64549,3433,73,16,9,0,3,0,0,3,792516,56029,3463,70,51,22,3,0,0,0,6,893764,65994,3683,78,23,8
37,Argus-2b5c0eed6f0e364b39dba4263611b01e7c2399232fbf23a66ad17760d616314c,Argus-2b5c0eed6f0e364b39dba4263611b01e7c2399232fbf23a66ad17760d616314c.exe,133344026840000000,1,1,1,0,0,3,83648,73939,5020,96,32,15,4,4,0,0,12,831988,74932,4669,91,55,20,1,1,0,0,3,49899,78298,4188,89,12,4,2,2,0,0,6,991010,75971,4462,89,47,21,1,1,0,0,3,457503,75007,4196,84,23,7,3,3,0,0,9,381380,74772,4455,90,33,9,1,1,0,0,3,61436,67123,3757,82,30,11,2,2,0,0,6,2927758,76622,4608,89,35,15,0,0,0,0,0,0,77630,4040,85,5,5,3,4,0,0,10,1604192,75767,4765,92,54,21
38,Argus-2b5c0eed6f0e364b39dba4263611b01e7c2399232fbf23a66ad17760d616314c,Argus-2b5c0eed6f0e364b39dba4263611b01e7c2399232fbf23a66ad17760d616314c.exe,133344026850000000,1,3,2,0,0,8,241728,77087,4294,92,25,6,0,0,0,0,0,0,67947,4410,85,36,19,2,2,0,0,6,3005453,70922,4720,89,87,35,3,3,0,0,9,968316,59345,3768,80,56,27,2,2,0,0,6,179217,68074,3794,84,28,13,0,0,0,0,0,0,74670,3939,79,11,5,1,3,0,0,4,2449578,68873,4192,87,43,15,3,1,0,0,8,67155,66405,3774,81,33,10,2,3,0,0,7,1875617,65660,4067,79,35,12,1,0,0,0,2,41642,65406,3558,75,21,7
39,Argus-2b5c0eed6f0e364b39dba4263611b01e7c2399232fbf23a66ad17760d616314c,Argus-2b5c0eed6f0e364b39dba4263611b01e7c2399232fbf23a66ad17760d616314c.exe,133344026860000000,1,1,1,0,0,3,1509605,74052,4258,86,24,7,0,2,0,0,1,2262301,75350,4434,88,65,35,4,3,0,0,11,2770197,71680,5161,93,95,44,2,1,0,0,6,3388601,71423,4920,90,55,20,0,0,0,0,0,0,68147,3766,77,11,1,1,2,0,0,3,998484,64863,3766,78,34,13,4,3,0,0,12,2622749,59811,4200,77,76,37,1,1,0,0,3,84816,56681,3100,67,28,6,0,0,0,0,0,0,63598,3283,71,14,5,1,1,0,0,3,130646,71921,4301,85,66,35
40,Argus-2b5c0eed6f0e364b39dba4263611b01e7c2399232fbf23a66ad17760d616314c,Argus-2b5c0eed6f0e364b39dba4263611b01e7c2399232fbf23a66ad17760d616314c.exe,133344026870000000,1,4,4,0,0,11,6427073,68381,4668,84,90,42,2,2,0,0,6,3581550,65412,3982,76,42,20,1,2,0,0,5,142723,73982,4364,89,26,10,2,1,0,0,5,109003,73909,4146,86,21,5,1,1,0,0,3,87261,75944,4200,89,24,13,2,3,0,0,8,2880095,72390,5367,96,90,34,2,2,0,0,4,3397401,70603,4943,91,102,48,2,1,0,0,6,84882,74484,4159,88,24,11,2,2,0,0,5,3377323,71053,4251,86,42,18,1,1,0,0,4,127180,68416,3752,78,27,11
41,Argus-2b5c0eed6f0e364b39dba4263611b01e7c2399232fbf23a66ad17760d616314c,Argus-2b5c0eed6f0e364b39dba4263611b01e7c2399232fbf23a66ad17760d616314c.exe,133344026880000000,1,3,4,0,0,10,1728815,76685,4825,97,56,23,2,1,0,0,5,605043,76861,4235,89,18,7,0,1,0,0,0,2793816,75735,4437,87,63,38,2,1,0,0,6,919246,76822,4529,88,39,18,3,4,0,0,9,1700162,75905,4747,91,67,27,2,1,0,0,6,734580,76071,4310,90,20,8,0,0,0,0,0,0,75847,4546,89,19,11,3,3,0,0,9,1576516,73022,4960,92,53,13,0,0,0,0,0,0,73876,3820,83,7,5,2,3,0,0,7,3068786,70815,4527,87,66,29
42,Argus-2b5c0eed6f0e364b39dba4263611b01e7c2399232fbf23a66ad17760d616314c,Argus-2b5c0eed6f0e364b39dba4263611b01e7c2399232fbf23a66ad17760d616314c.exe,133344026890000000,1,2,1,0,0,5,1288917,71180,4171,82,34,17,3,4,0,0,8,2305193,77421,4725,93,56,24,1,0,0,0,4,35244,76058,4197,88,23,3,0,0,0,0,0,0,77489,4104,84,6,3,2,2,0,0,5,8737470,72666,4720,85,119,66,2,3,0,0,7,7049512,55622,4269,69,74,33,3,2,0,0,9,2687374,67088,4567,79,75,28,1,1,0,0,3,66516,71517,3918,80,16,6,0,0,0,0,0,0,75107,4722,90,17,10,0,0,0,0,0,0,73414,4263,81,84,48
43,Argus-2b5c0eed6f0e364b39dba4263611b01e7c2399232fbf23a66ad17760d616314c,Argus-2b5c0eed6f0e364b39dba4263611b01e7c2399232fbf23a66ad17760d616314c.exe,133344026900000000,1,4,5,0,0,12,7125451,55938,4694,77,138,68,3,3,0,0,9,7189868,68274,4692,84,147,80,1,0,0,0,3,25958,76938,4553,86,18,11,0,0,0,0,0,0,78253,4070,86,7,4,4,4,0,0,11,4784295,76051,4694,96,54,22,2,2,0,0,7,247785,70707,4551,86,40,12,2,2,0,0,6,254598,64543,3661,78,30,5,1,1,0,0,3,85164,67094,3572,76,12,6,1,1,0,0,3,199844,61419,3515,69,23,9,0,0,0,0,0,0,64045,3746,77,22,10
44,Argus-2b5c0eed6f0e364b39dba4263611b01e7c2399232fbf23a66ad17760d616314c,Argus-2b5c0eed6f0e364b39dba4263611b01e7c2399232fbf23a66ad17760d616314c.exe,133344026910000000,1,1,2,0,0,4,717347,59777,4052,72,70,30,4,4,0,0,11,4938837,51404,4193,78,125,64,1,0,0,0,3,628,71930,3962,79,25,10,2,2,0,0,6,4868078,75103,4809,88,47,19,0,0,0,0,0,0,71329,3717,79,3,4,2,2,0,0,6,675864,69612,3992,79,28,10,4,4,0,0,12,987822,70808,4495,94,61,23,0,0,0,0,0,0,74832,4086,81,41,26,1,2,0,0,4,4768644,71163,4718,90,100,49,2,1,0,0,5,583907,67971,3960,79,36,16
45,Argus-2b5c0eed6f0e364b39dba4263611b01e7c2399232fbf23a66ad17760d616314c,Argus-2b5c0eed6f0e364b39dba4263611b01e7c2399232fbf23a66ad17760d616314c.exe,133344026920000000,1,2,2,0,0,6,5125239,72148,4599,84,48,23,0,0,0,0,0,0,66043,3416,71,8,3,1,1,0,0,3,176877,62261,4342,84,57,25,3,3,0,0,9,4276943,72793,4866,94,51,19,2,2,0,0,6,451386,75573,4602,87,62,29,1,1,0,0,3,5139518,74307,4712,82,81,46,2,3,0,0,7,485472,77162,4433,91,34,9,2,1,0,0,5,2343144,71861,4262,85,49,20,2,2,0,0,6,3905764,73038,4726,89,85,45,2,2,0,0,6,356793,70751,3985,84,27,10
46,Argus-2b5c0eed6f0e364b39dba4263611b01e7c2399232fbf23a66ad17760d616314c,Argus-2b5c0eed6f0e364b39dba4263611b01e7c2399232fbf23a66ad17760d616314c.exe,133344026930000000,1,2,2,0,0,6,664302,63418,3763,74,37,13,0,1,0,0,1,2032856,67861,4097,81,69,35,2,1,0,0,5,1364036,75427,4164,83,23,7,1,1,0,0,3,131600,65401,3956,79,35,13,3,3,0,0,9,553204,62314,4623,86,67,20,2,2,0,0,6,496436,66041,4541,81,32,13,0,0,0,0,0,0,66796,3517,77,20,6,1,1,0,0,3,346493,65248,3689,75,46,32,1,2,0,0,4,1217950,71305,3980,85,24,14,5,4,0,0,14,2281815,63276,4280,86,67,23
47,Argus-2b5c0eed6f0e364b39dba4263611b01e7c2399232fbf23a66ad17760d616314c,Argus-2b5c0eed6f0e364b39dba4263611b01e7c2399232fbf23a66ad17760d616314c.exe,133344026940000000,1,1,1,0,0,3,131020,65403,3521,79,22,11,0,0,0,0,0,0,58632,3102,64,19,3,1,1,0,0,2,1631391,58360,3163,67,18,8,3,3,0,0,9,1279733,62034,4085,80,59,24,2,3,0,0,8,1398953,56457,3711,74,76,31,2,1,0,0,5,1291700,65058,4316,84,43,18,0,0,0,0,0,0,67501,3821,76,16,5,0,0,0,0,0,0,59790,3330,66,35,20,0,1,0,0,1,1489064,54911,3351,66,48,22,5,5,0,0,13,3759386,67611,4530,86,99,36
48,Argus-2b5c0eed6f0e364b39dba4263611b01e7c2399232fbf23a66ad17760d616314c,Argus-2b5c0eed6f0e364b39dba4263611b01e7c2399232fbf23a66ad17760d616314c.exe,133344026950000000,1,3,2,0,0,10,272124,70664,4282,88,36,14,0,0,0,0,0,0,78496,4053,86,5,3,1,1,0,0,3,213053,77368,4294,87,16,6,2,2,0,0,6,163251,73087,4285,87,49,24,2,2,0,0,5,4885958,48542,3224,60,58,25,3,3,0,0,10,1516016,57876,3949,75,61,20,0,0,0,0,0,0,69102,3957,86,22,9,0,0,0,0,0,0,75094,4430,89,10,9,2,2,0,0,6,167727,72448,4371,89,32,10,2,2,0,0,6,2943005,73131,4472,86,60,25
49,Argus-2b5c0eed6f0e364b39dba4263611b01e7c2399232fbf23a66ad17760d616314c,Argus-2b5c0eed6f0e364b39dba4263611b01e7c2399232fbf23a66ad17760d616314c.exe,133344026960000000,1,2,2,0,0,6,240973,60714,3783,75,68,29,2,2,0,0,5,7037872,61804,3998,76,71,36,0,0,0,0,1,0,74533,4150,80,15,6,2,3,0,0,7,1520310,76361,4656,92,55,25,4,3,0,0,11,2056796,75820,4730,95,51,15,1,1,0,0,3,83648,70996,3903,84,21,11,0,0,0,0,0,0,62829,3496,71,59,28,1,2,0,0,3,3779866,56335,3496,70,65,34,1,0,0,0,3,214528,67127,4772,87,30,13,1,1,0,0,3,62902,53774,3163,70,31,12
50,Argus-2b5c0eed6f0e364b39dba4263611b01e7c2399232fbf23a66ad17760d616314c,Argus-2b5c0eed6f0e364b39dba4263611b01e7c2399232fbf23a66ad17760d616314c.exe,133344026970000000,1,2,2,0,0,6,163387,54455,3268,68,28,11,3,3,0,0,9,1765585,64925,4044,84,73,39,0,0,0,0,0,0,71497,3714,78,9,6,1,1,0,0,2,4701342,75411,4371,84,29,11,4,4,0,0,11,3034292,74993,4857,93,56,21,3,3,0,0,11,641422,75646,4681,95,38,9,0,0,0,0,0,0,69029,3611,75,14,6,0,0,0,0,0,0,74700,3922,84,14,5,2,2,0,0,6,256166,74471,4587,90,88,51,4,4,0,0,12,7554320,72218,5533,93,147,72
51,Argus-2b5c0eed6f0e364b39dba4263611b01e7c2399232fbf23a66ad17760d616314c,Argus-2b5c0eed6f0e364b39dba4263611b01e7c2399232fbf23a66ad17760d616314c.exe,133344026980000000,1,2,2,0,0,6,753898,73603,4859,96,36,14,0,0,0,0,0,0,74860,3994,83,9,3,2,2,0,0,6,262053,76725,4592,93,32,14,1,1,0,0,2,5220991,77422,4678,87,45,22,5,5,0,0,16,659015,74493,4762,94,46,9,0,0,0,0,0,0,76410,4007,83,10,7,2,2,0,0,6,195334,77270,4404,94,23,10,0,1,0,0,1,72358,69459,3773,80,20,8,3,2,0,0,7,306018,74454,4647,91,87,49,2,2,0,0,7,5255678,76922,5010,93,79,38
52,Argus-2b5c0eed6f0e364b39dba4263611b01e7c2399232fbf23a66ad17760d616314c,Argus-2b5c0eed6f0e364b39dba4263611b01e7c2399232fbf23a66ad17760d616314c.exe,133344026990000000,1,3,3,0,0,9,977536,80324,4707,96,30,8,0,1,0,0,2,14662,77468,4899,97,39,23,1,0,0,0,1,6947328,77569,5184,90,38,17,3,3,0,0,9,382719,76459,4602,95,37,9,4,4,0,0,12,1100350,78520,4783,95,50,15,0,0,0,0,0,0,80013,4250,90,7,4,0,1,0,0,1,47974,77275,4172,85,11,6,3,2,0,0,8,196798,71164,4199,87,42,22,0,1,0,0,1,42374,50518,3212,62,85,45,4,4,0,0,10,19798572,74289,5556,90,135,69
53,Argus-2b5c0eed6f0e364b39dba4263611b01e7c2399232fbf23a66ad17760d616314c,Argus-2b5c0eed6f0e364b39dba4263611b01e7c2399232fbf23a66ad17760d616314c.exe,133344027000000000,1,1,0,0,0,4,372156,72870,4795,85,29,15,1,2,0,0,4,128946,79535,4358,91,19,8,3,3,0,0,8,1372310,65120,4135,85,48,20,2,1,0,0,6,926709,70889,4472,91,56,25,0,0,0,0,0,0,75145,5004,90,83,49,1,2,0,0,3,11759873,72649,4748,88,166,109,3,3,0,0,9,1839991,74946,5467,88,80,36,2,2,0,0,6,513863,76910,4670,94,33,18,1,0,0,0,3,114279,57446,3054,63,12,5,1,1,0,0,3,84380,51723,2901,62,24,9
54,Argus-2b5c0eed6f0e364b39dba4263611b01e7c2399232fbf23a66ad17760d616314c,Argus-2b5c0eed6f0e364b39dba4263611b01e7c2399232fbf23a66ad17760d616314c.exe,133344027010000000,1,2,3,0,0,7,1157444,60154,3758,84,54,22,1,1,0,0,3,21595,55679,3038,63,26,10,2,1,0,0,5,401076,70888,4238,86,24,12,2,2,0,0,6,237903,73545,4172,90,24,7,1,2,0,0,4,560211,73115,4380,90,41,18,3,2,0,0,8,148409,74168,5042,99,44,15,1,1,0,0,3,336158,75033,4158,82,24,11,2,3,0,0,7,2259632,70565,4326,86,44,20,2,1,0,0,5,105218,78483,4347,89,18,5,2,2,0,0,6,704362,78535,4354,89,23,6
55,Argus-2b5c0eed6f0e364b39dba4263611b01e7c2399232fbf23a66ad17760d616314c,Argus-2b5c0eed6f0e364b39dba4263611b01e7c2399232fbf23a66ad17760d616314c.exe,133344027020000000,1,2,2,0,0,6,98667,67336,3836,83,32,13,1,2,0,0,4,6457095,64860,4403,79,92,44,4,3,0,0,11,366437,71416,4272,87,36,12,0,1,0,0,0,516311,74643,4002,84,19,12,2,1,0,0,6,609474,77455,4395,89,19,5,1,2,0,0,3,4292148,74931,4581,89,103,58,3,2,0,0,9,163192,73917,5364,98,53,23,1,1,0,0,3,485222,77652,4527,87,19,8,3,3,0,0,9,750185,75572,4517,93,48,17,1,1,0,0,3,132220,78087,4324,86,15,8
56,Argus-2b5c0eed6f0e364b39dba4263611b01e7c2399232fbf23a66ad17760d616314c,Argus-2b5c0eed6f0e364b39dba4263611b01e7c2399232fbf23a66ad17760d616314c.exe,133344027030000000,1,3,3,0,0,9,205634,76635,4513,95,33,5,1,1,0,0,3,1897167,65070,3711,76,43,19,2,2,0,0,6,237613,81248,4579,95,24,9,2,2,0,0,6,182616,78870,4477,92,20,9,1,1,0,0,3,50523,79856,4391,92,15,2,3,3,0,0,8,3123880,75171,4741,94,82,37,2,2,0,0,6,7106303,77864,5164,92,51,19,0,0,0,0,1,0,75290,4684,93,21,12,3,3,0,0,7,8223387,75379,5333,93,85,37,1,1,0,0,5,31163,66607,4103,79,43,14
57,Argus-2b5c0eed6f0e364b39dba4263611b01e7c2399232fbf23a66ad17760d616314c,Argus-2b5c0eed6f0e364b39dba4263611b01e7c2399232fbf23a66ad17760d616314c.exe,133344027040000000,1,2,2,0,0,6,1229719,67282,4169,80,56,27,1,2,0,0,3,6986356,70931,4554,77,140,84,1,1,0,0,4,138813,67132,4370,80,44,18,2,1,0,0,5,1378284,80860,4775,95,47,21,2,3,0,0,6,6929851,69472,4628,84,126,72,3,2,0,0,9,1472026,70855,5056,90,81,29,0,0,0,0,0,0,77285,4079,84,5,4,1,1,0,0,3,101308,78003,4175,87,16,8,3,3,0,0,9,743370,76842,4550,92,41,16,2,2,0,0,6,1385762,63019,4316,83,64,29
58,Argus-2b5c0eed6f0e364b39dba4263611b01e7c2399232fbf23a66ad17760d616314c,Argus-2b5c0eed6f0e364b39dba4263611b01e7c2399232fbf23a66ad17760d616314c.exe,133344027050000000,1,2,2,0,0,6,479356,62423,3871,82,35,13,0,0,0,0,0,0,71230,3941,84,11,4,3,3,0,0,9,417426,73779,4465,93,37,10,1,1,0,0,3,212813,68837,3822,80,30,11,3,3,0,0,8,6212190,76524,4781,92,53,25,1,1,0,0,4,412077,76451,4461,85,28,13,2,2,0,0,6,2965759,74128,4466,86,36,14,2,2,0,0,6,2000617,66180,3979,79,37,12,0,0,0,0,0,0,65842,3653,73,42,21,3,3,0,0,9,3009442,53913,3686,72,72,31
59,Argus-2b5c0eed6f0e364b39dba4263611b01e7c2399232fbf23a66ad17760d616314c,Argus-2b5c0eed6f0e364b39dba4263611b01e7c2399232fbf23a66ad17760d616314c.exe,133344027060000000,1,0,0,0,0,0,0,68550,4026,80,79,43,2,2,0,0,6,4219160,73433,4461,84,49,23,0,1,0,0,0,2606920,65868,5067,88,110,55,3,3,0,0,10,4868595,54368,4129,75,97,44,2,1,0,0,5,263251,65820,3742,81,28,10,1,1,0,0,3,502691,76394,4192,87,20,10,2,2,0,0,6,3460570,76126,4695,88,41,16,1,1,0,0,3,491661,75384,4168,86,24,9,1,2,0,0,3,2934692,75284,4484,87,67,34,3,2,0,0,9,640287,74770,4624,89,41,14
60,Argus-2b5c0eed6f0e364b39dba4263611b01e7c2399232fbf23a66ad17760d616314c,Argus-2b5c0eed6f0e364b39dba4263611b01e7c2399232fbf23a66ad17760d616314c.exe,133344027070000000,1,1,1,0,0,3,453645,77159,4273,87,20,15,0,2,0,0,0,3347374,75875,4746,88,93,47,4,2,0,0,12,534995,76620,4638,95,34,9,1,1,0,0,3,48347,72920,4597,91,27,9,1,2,0,0,5,123746,71016,4488,88,37,14,1,0,0,0,1,42006,70786,3673,80,14,4,4,5,0,0,13,908861,76919,4820,95,56,22,1,0,0,0,2,100599,76779,3977,87,6,6,2,2,0,0,6,130248,76806,4439,94,22,8,1,2,0,0,4,114716,76812,4283,89,22,5
61,Argus-2b5c0eed6f0e364b39dba4263611b01e7c2399232fbf23a66ad17760d616314c,Argus-2b5c0eed6f0e364b39dba4263611b01e7c2399232fbf23a66ad17760d616314c.exe,133344027080000000,1,3,3,0,0,9,1167229,76162,4561,91,36,11,1,0,0,0,2,628,77430,3982,86,11,5,4,4,0,0,12,912470,77242,4867,98,38,11,0,0,0,0,0,0,78304,4061,86,5,4,3,3,0,0,9,264343,77168,4740,91,35,12,0,1,0,0,0,470119,68561,4359,86,36,17,4,3,0,0,12,1710557,68691,4599,94,83,38,0,0,0,0,0,0,70141,3633,75,11,3,1,1,0,0,3,188477,58991,3358,65,26,11,2,2,0,0,6,2167865,71969,4241,83,34,15
62,Argus-2b5c0eed6f0e364b39dba4263611b01e7c2399232fbf23a66ad17760d616314c,Argus-2b5c0eed6f0e364b39dba4263611b01e7c2399232fbf23a66ad17760d616314c.exe,133344027090000000,1,4,4,0,0,11,3141188,74858,4768,95,53,20,1,1,0,0,4,48203,77431,4403,87,20,7,1,1,0,0,3,1027262,72719,3997,82,20,6,0,1,0,0,2,799447,70092,3970,80,30,19,1,2,0,0,3,1888453,76680,8884,91,56,21,0,0,0,0,0,0,77955,17336,84,57,34,0,0,0,0,0,0,68792,18032,85,21,10,0,0,0,0,0,0,59505,15459,67,9,5,0,0,0,0,0,0,61782,15772,66,8,5,0,0,0,0,0,0,56183,15296,58,8,4
63,Argus-2b5c0eed6f0e364b39dba4263611b01e7c2399232fbf23a66ad17760d616314c,Argus-2b5c0eed6f0e364b39dba4263611b01e7c2399232fbf23a66ad17760d616314c.exe,133344027100000000,1,0,0,0,0,0,0,58516,18611,63,37,23,0,0,0,0,0,0,60300,20467,61,22,10,0,0,0,0,0,0,65181,22195,65,6,3,0,0,0,0,0,0,64106,21825,64,3,3,0,0,0,0,0,0,68801,23426,67,4,2,0,0,0,0,0,0,63892,21752,63,2,4,0,0,0,0,0,0,62942,21430,63,6,2,0,0,0,0,0,0,50941,17122,57,18,13,0,0,0,0,0,0,53790,18081,58,8,4,0,0,0,0,0,0,57339,19504,58,1,3
64,Argus-2b5c0eed6f0e364b39dba4263611b01e7c2399232fbf23a66ad17760d616314c,Argus-2b5c0eed6f0e364b39dba4263611b01e7c2399232fbf23a66ad17760d616314c.exe,133344027110000000,1,0,0,0,0,0,0,55384,18858,57,3,1,0,0,0,0,0,0,52621,17915,53,3,1,0,0,0,0,0,0,43440,14791,44,3,0,0,0,0,0,0,0,46441,15809,46,4,1,0,0,0,0,0,0,45147,15371,46,4,3,0,0,0,0,0,0,48248,16429,47,1,2,0,0,0,0,0,0,42130,14346,43,4,0,0,0,0,0,0,0,42426,14446,42,2,3,0,0,0,0,0,0,40814,13898,42,7,1,0,0,0,0,0,0,47505,15893,55,19,10
65,Argus-2b5c0eed6f0e364b39dba4263611b01e7c2399232fbf23a66ad17760d616314c,Argus-2b5c0eed6f0e364b39dba4263611b01e7c2399232fbf23a66ad17760d616314c.exe,133344027120000000,1,0,0,0,0,0,0,36981,12405,45,6,3,0,0,0,0,0,0,16877,5739,18,4,1,0,0,0,0,0,0,35330,12023,36,3,2,0,0,0,0,0,0,35903,12128,39,3,2,0,0,0,0,0,0,32736,11146,33,1,1,0,0,0,0,0,0,34221,11650,34,2,1,0,0,0,0,0,0,41291,14057,41,4,2,0,0,0,0,0,0,34291,11676,35,2,3,0,0,0,0,0,0,43308,14748,43,4,3,0,0,0,0,0,0,34429,11720,35,5,1
66,Argus-2b5c0eed6f0e364b39dba4263611b01e7c2399232fbf23a66ad17760d616314c,Argus-2b5c0eed6f0e364b39dba4263611b01e7c2399232fbf23a66ad17760d616314c.exe,133344027130000000,1,0,0,0,0,0,0,42279,14394,43,6,4,0,0,0,0,0,0,39383,13412,41,3,2,0,0,0,0,0,0,40524,13796,41,2,3,0,0,0,0,0,0,41015,13848,44,4,3,0,0,0,0,0,0,40628,13551,52,10,8,0,0,0,0,0,0,47679,16163,48,4,3,0,0,0,0,0,0,41605,14169,42,3,1,0,0,0,0,0,0,38905,13248,38,3,2,0,0,0,0,0,0,40658,13837,41,2,1,0,0,0,0,0,0,41044,13974,41,4,2
67,Argus-2b5c0eed6f0e364b39dba4263611b01e7c2399232fbf23a66ad17760d616314c,Argus-2b5c0eed6f0e364b39dba4263611b01e7c2399232fbf23a66ad17760d616314c.exe,133344027140000000,1,0,0,0,0,0,0,32122,10938,31,2,1,0,0,0,0,0,0,35822,12196,36,3,2,0,0,0,0,0,0,30276,10310,31,2,2,0,0,0,0,0,0,36823,12537,37,2,1,4,6,0,0,14,4259999,28635,7406,44,80,25,4,0,0,0,8,968421,60764,3854,80,42,16,0,0,0,0,0,0,65875,3917,77,9,4,0,0,0,0,0,0,68074,3531,76,6,2,1,1,0,0,3,179453,64738,3772,76,35,11,1,1,0,0,3,2488276,66588,9750,76,57,26
68,Argus-2b5c0eed6f0e364b39dba4263611b01e7c2399232fbf23a66ad17760d616314c,Argus-2b5c0eed6f0e364b39dba4263611b01e7c2399232fbf23a66ad17760d616314c.exe,133344027150000000,1,0,0,0,0,0,0,63931,15830,71,14,7,0,0,0,0,0,0,64274,16932,68,10,3,0,0,0,0,0,0,69695,19770,73,5,4,0,0,0,0,0,0,71682,24087,71,7,5,0,0,0,0,0,0,62949,21430,64,5,3,0,0,0,0,0,0,63550,21639,62,5,4,0,0,0,0,0,0,65271,22226,66,4,1,0,0,0,0,0,0,61932,20659,72,16,7,0,0,0,0,0,0,66644,22693,65,8,6,0,0,0,0,0,0,62786,21338,65,4,2
69,Argus-2b5c0eed6f0e364b39dba4263611b01e7c2399232fbf23a66ad17760d616314c,Argus-2b5c0eed6f0e364b39dba4263611b01e7c2399232fbf23a66ad17760d616314c.exe,133344027160000000,1,0,0,0,0,0,0,66868,22764,69,5,3,0,0,0,0,0,0,61296,20872,60,6,3,0,0,0,0,0,0,61900,21076,62,6,4,0,0,0,0,0,0,62339,21222,64,6,2,0,0,0,0,0,0,64135,21838,64,3,4,0,0,0,0,0,0,65284,22227,65,5,2,0,0,0,0,0,0,67917,23124,68,5,3,0,0,0,0,0,0,64549,21977,64,4,2,0,0,0,0,0,0,60759,20687,63,7,1,0,0,0,0,0,0,66967,22799,66,5,3
70,Argus-2b5c0eed6f0e364b39dba4263611b01e7c2399232fbf23a66ad17760d616314c,Argus-2b5c0eed6f0e364b39dba4263611b01e7c2399232fbf23a66ad17760d616314c.exe,133344027170000000,1,0,0,0,0,0,0,65068,21794,73,13,10,0,0,0,0,0,0,62213,21082,65,5,4,0,0,0,0,0,0,58200,19817,59,6,3,0,0,0,0,0,0,65192,22197,66,4,2,0,0,0,0,0,0,65807,22403,63,4,2,0,0,0,0,0,0,63384,21580,64,4,5,0,0,0,0,0,0,63600,21656,64,6,2,0,0,0,0,0,0,53443,18186,54,5,4,0,0,0,0,0,0,40890,13921,44,4,2,0,0,0,0,0,0,49727,16934,51,6,4
71,Argus-2b5c0eed6f0e364b39dba4263611b01e7c2399232fbf23a66ad17760d616314c,Argus-2b5c0eed6f0e364b39dba4263611b01e7c2399232fbf23a66ad17760d616314c.exe,133344027180000000,1,0,0,0,0,0,0,38003,12938,37,4,2,0,0,0,0,0,0,54549,18572,55,4,1,0,0,0,0,0,0,42736,14549,43,3,4,0,0,0,0,0,0,46648,15810,50,15,6,0,0,0,0,0,0,51004,16974,61,23,11,0,0,0,0,0,0,40717,13865,42,2,0,0,0,0,0,0,0,56905,19278,62,3,5,0,0,0,0,0,0,39023,13287,41,3,0,0,0,0,0,0,0,40400,13690,46,3,3,0,0,0,0,0,0,49205,16754,51,3,4
72,Argus-2b5c0eed6f0e364b39dba4263611b01e7c2399232fbf23a66ad17760d616314c,Argus-2b5c0eed6f0e364b39dba4263611b01e7c2399232fbf23a66ad17760d616314c.exe,133344027190000000,1,0,0,0,0,0,0,41683,14192,43,3,1,0,0,0,0,0,0,31237,10636,30,3,2,0,0,0,0,0,0,30100,10253,30,2,0,0,0,0,0,0,0,50443,17172,50,4,4,0,0,0,0,0,0,38857,13227,39,6,4,0,0,0,0,0,0,30708,10458,30,4,0,0,0,0,0,0,0,39492,13448,42,5,2,0,0,0,0,0,0,47208,16076,46,2,3,0,0,0,0,0,0,36599,12462,39,2,2,0,0,0,0,0,0,34181,11637,35,1,3
73,Argus-2b5c0eed6f0e364b39dba4263611b01e7c2399232fbf23a66ad17760d616314c,Argus-2b5c0eed6f0e364b39dba4263611b01e7c2399232fbf23a66ad17760d616314c.exe,133344027200000000,1,0,0,0,0,0,0,47049,16017,49,3,2,0,0,0,0,0,0,47515,15776,57,15,9,0,0,0,0,0,0,36882,12558,37,1,2,0,5,0,0,3,762992,32527,10886,38,14,5,6,2,0,0,16,1953595,17613,1887,33,78,28,1,0,0,0,2,58214,52146,2888,64,27,8,0,0,0,0,0,0,59191,3064,66,13,4,0,0,0,0,0,0,66290,3433,73,12,2,2,2,0,0,6,588727,71769,4286,87,31,13,4,4,0,0,12,5489922,56614,4305,79,104,42
74,Argus-2b5c0eed6f0e364b39dba4263611b01e7c2399232fbf23a66ad17760d616314c,Argus-2b5c0eed6f0e364b39dba4263611b01e7c2399232fbf23a66ad17760d616314c.exe,133344027210000000,1,0,1,0,0,0,75990,60203,3322,70,15,6,1,0,0,0,3,409959,61629,3448,69,22,7,0,0,0,0,0,0,62475,3346,69,11,4,1,1,0,0,3,1512863,63594,3680,78,62,24,2,4,0,0,8,3757159,60218,4304,74,116,53,3,1,0,0,7,215171,65830,3744,77,22,7,1,1,0,0,3,68620,52030,3503,71,39,14,0,0,0,0,0,0,58963,3270,71,12,7,0,1,0,0,1,1364,60574,3333,65,15,6,4,4,0,0,12,1280422,62834,4098,79,63,25
75,Argus-2b5c0eed6f0e364b39dba4263611b01e7c2399232fbf23a66ad17760d616314c,Argus-2b5c0eed6f0e364b39dba4263611b01e7c2399232fbf23a66ad17760d616314c.exe,133344027220000000,1,4,3,0,0,10,9181666,60840,4262,77,65,23,0,0,0,0,1,0,63165,3770,67,14,2,0,0,0,0,0,0,64413,3423,71,9,5,1,1,0,0,3,203991,65951,3744,76,19,8,2,2,0,0,6,208647,65964,3757,75,23,7,2,2,0,0,6,809514,63330,3876,74,36,17,1,1,0,0,3,50572,67198,3775,79,17,5,2,2,0,0,6,381144,59673,3477,73,39,14,0,0,0,0,0,0,62392,4400,80,86,53,1,2,0,0,3,8901269,61774,4188,72,132,76
76,Argus-2b5c0eed6f0e364b39dba4263611b01e7c2399232fbf23a66ad17760d616314c,Argus-2b5c0eed6f0e364b39dba4263611b01e7c2399232fbf23a66ad17760d616314c.exe,133344027230000000,1,3,2,0,0,9,2013041,60468,4368,75,55,24,3,3,0,0,9,2705952,68316,4232,83,39,13,1,1,0,0,3,2612205,66670,3833,75,25,10,0,0,0,0,0,0,69067,3594,76,8,3,1,1,0,0,3,835693,74365,4243,85,33,18,4,5,0,0,13,2269219,63926,4485,86,90,34,2,1,0,0,5,2359860,59627,3894,73,99,53,1,1,0,0,2,5497376,61450,3779,77,82,41,0,0,0,0,1,0,59552,3506,67,28,9,0,1,0,0,1,52614,73175,4699,91,29,13
77,Argus-2b5c0eed6f0e364b39dba4263611b01e7c2399232fbf23a66ad17760d616314c,Argus-2b5c0eed6f0e364b39dba4263611b01e7c2399232fbf23a66ad17760d616314c.exe,133344027240000000,1,2,1,0,0,5,257405,60606,3599,75,23,9,4,4,0,0,12,2008358,56994,3923,74,55,19,1,1,0,0,3,24793,63375,3515,72,16,6,0,0,0,0,0,0,61433,3155,70,9,4,1,1,0,0,3,59506,61821,3418,73,20,6,2,2,0,0,6,1768426,59708,3703,71,65,29,0,1,0,0,1,289127,53279,3114,63,43,21,2,2,0,0,5,2961160,49612,3024,62,69,34,1,1,0,0,5,13035,59286,3553,70,29,8,2,1,0,0,4,227002,54803,3021,64,34,12
78,Argus-2b5c0eed6f0e364b39dba4263611b01e7c2399232fbf23a66ad17760d616314c,Argus-2b5c0eed6f0e364b39dba4263611b01e7c2399232fbf23a66ad17760d616314c.exe,133344027250000000,1,3,3,0,0,8,978777,66893,4711,92,53,19,2,2,0,0,7,107686,63728,4145,82,33,8,0,0,0,0,0,0,61839,3180,68,5,2,0,1,0,0,1,126167,57179,3029,62,11,6,3,3,0,0,9,2533208,62920,4040,79,41,14,1,0,0,0,2,39270,63764,3426,70,8,2,3,4,0,0,9,3974766,64915,4263,82,64,23,1,0,0,0,3,2850664,65478,3900,72,25,9,1,1,0,0,3,371437,62524,3576,70,29,14,2,2,0,0,6,1351355,55844,3390,67,37,17
79,Argus-2b5c0eed6f0e364b39dba4263611b01e7c2399232fbf23a66ad17760d616314c,Argus-2b5c0eed6f0e364b39dba4263611b01e7c2399232fbf23a66ad17760d616314c.exe,133344027260000000,1,1,1,0,0,2,3800752,49667,3146,59,67,32,1,1,0,0,4,2810814,61882,4586,79,85,46,1,1,0,0,3,185885,68116,4291,82,29,15,2,2,0,0,6,1002314,61379,3693,75,42,18,1,1,0,0,3,2878014,54742,3472,65,79,41,1,1,0,0,3,3545278,64646,3825,74,35,15,0,1,0,0,1,16998,56910,3146,66,14,8,3,3,0,0,8,895350,56909,3546,71,42,17,2,1,0,0,6,367975,64107,3623,74,30,9,0,1,0,0,1,2488024,63384,3898,72,64,37
80,Argus-2b5c0eed6f0e364b39dba4263611b01e7c2399232fbf23a66ad17760d616314c,Argus-2b5c0eed6f0e364b39dba4263611b01e7c2399232fbf23a66ad17760d616314c.exe,133344027270000000,1,2,1,0,0,5,72113,63431,3431,74,20,6,0,2,0,0,2,100780,54056,3322,61,74,40,4,2,0,0,9,10509959,63193,4518,82,78,38,1,1,0,0,4,176173,64280,4308,76,40,16,2,2,0,0,6,138311,68754,4438,87,32,8,1,1,0,0,3,114748,74828,4219,87,15,6,2,2,0,0,6,182904,74686,4261,89,21,7,2,2,0,0,6,190934,73312,4277,83,27,7,1,1,0,0,3,101947,73181,3982,84,15,7,0,1,0,0,1,2053,63363,3786,70,63,36
81,Argus-2b5c0eed6f0e364b39dba4263611b01e7c2399232fbf23a66ad17760d616314c,Argus-2b5c0eed6f0e364b39dba4263611b01e7c2399232fbf23a66ad17760d616314c.exe,133344027280000000,1,3,3,0,0,8,7494407,62433,4303,80,113,64,2,1,0,0,6,749140,64063,4053,76,32,10,2,2,0,0,6,1364313,52827,3223,67,37,14,0,0,0,0,0,0,67359,3509,74,11,1,1,1,0,0,3,130444,70365,3808,77,19,9,2,2,0,0,6,39590,72642,5126,100,49,24,2,2,0,0,6,1152848,74301,4461,92,30,9,0,1,0,0,1,339415,57984,3229,71,27,9,2,1,0,0,5,1338964,68062,3985,81,55,28,3,3,0,0,8,1498550,74981,4367,87,34,11
82,Argus-2b5c0eed6f0e364b39dba4263611b01e7c2399232fbf23a66ad17760d616314c,Argus-2b5c0eed6f0e364b39dba4263611b01e7c2399232fbf23a66ad17760d616314c.exe,133344027290000000,1,1,2,0,0,5,1087507,74697,4375,84,35,19,2,1,0,0,5,1343836,72783,4181,84,28,7,2,2,0,0,6,209192,68355,3998,82,32,11,1,1,0,0,3,52299,67650,3544,77,19,9,2,2,0,0,5,1192843,74049,4466,87,64,33,3,3,0,0,10,2651716,73424,4600,93,74,26,1,1,0,0,3,120636,72871,4720,90,27,12,2,2,0,0,6,196212,74411,4467,92,28,9,1,1,0,0,3,144892,72154,3951,79,32,13,4,4,0,0,12,3023588,68589,4549,88,52,15
83,Argus-2b5c0eed6f0e364b39dba4263611b01e7c2399232fbf23a66ad17760d616314c,Argus-2b5c0eed6f0e364b39dba4263611b01e7c2399232fbf23a66ad17760d616314c.exe,133344027300000000,1,0,0,0,0,0,0,74653,4011,83,6,4,2,2,0,0,6,624680,74858,4221,89,23,6,1,1,0,0,3,120108,74952,4087,84,12,5,2,2,0,0,5,550377,70761,4071,82,29,11,2,2,0,0,7,2097403,65190,3968,82,63,27,2,2,0,0,6,2592149,73269,4529,88,67,31,2,2,0,0,6,1817657,74718,4391,85,40,17,1,1,0,0,3,82668,72505,4624,91,29,16,2,2,0,0,6,1011419,72905,4515,89,43,17,0,0,0,0,0,0,73397,3812,79,7,3
84,Argus-2b5c0eed6f0e364b39dba4263611b01e7c2399232fbf23a66ad17760d616314c,Argus-2b5c0eed6f0e364b39dba4263611b01e7c2399232fbf23a66ad17760d616314c.exe,133344027310000000,1,5,5,0,0,14,4199986,59568,4379,85,130,56,0,1,0,0,2,42374,66825,3646,77,19,7,2,1,0,0,5,326179,75243,4164,87,18,8,1,1,0,0,3,106300,75405,4090,86,15,6,3,4,0,0,8,9638919,65978,4349,81,83,37,1,0,0,0,4,977847,53388,3592,61,41,15,2,2,0,0,6,723018,63373,3797,78,26,8,0,0,0,0,0,0,58029,3086,63,15,7,1,1,0,0,3,123533,64336,3926,76,27,12,3,3,0,0,9,303108,66522,4505,93,43,12
85,Argus-2b5c0eed6f0e364b39dba4263611b01e7c2399232fbf23a66ad17760d616314c,Argus-2b5c0eed6f0e364b39dba4263611b01e7c2399232fbf23a66ad17760d616314c.exe,133344027320000000,1,0,0,0,0,0,0,73886,3861,82,5,2,0,1,0,0,1,978215,66177,4548,80,167,92,5,3,0,0,10,21500941,59060,4334,77,103,48,5,4,0,0,15,2640250,60802,4451,82,62,20,0,0,0,0,0,0,64011,3307,71,11,4,0,1,0,0,0,410839,58532,3202,68,34,12,2,1,0,0,6,324419,56138,3385,74,39,12,0,0,0,0,0,0,64947,3372,69,8,3,1,2,0,0,4,631380,63205,3754,75,36,19,0,1,0,0,1,2002696,35998,3692,48,62,29
86,Argus-2b5c0eed6f0e364b39dba4263611b01e7c2399232fbf23a66ad17760d616314c,Argus-2b5c0eed6f0e364b39dba4263611b01e7c2399232fbf23a66ad17760d616314c.exe,133344027330000000,1,0,0,0,0,0,0,38888,7153,52,17,12,0,0,0,0,0,0,28335,4590,35,6,3,0,0,0,0,0,0,40484,10411,44,4,3,0,0,0,0,0,0,31469,7439,35,14,7,0,0,0,0,0,0,40375,13624,39,3,1,0,0,0,0,0,0,34518,10806,36,5,4,0,0,0,0,0,0,28486,9698,27,1,0,0,0,0,0,0,0,31805,10831,32,6,3,0,0,0,0,0,0,28336,9647,26,3,0,0,0,0,0,0,0,38596,13141,40,1,2
87,Argus-2b5c0eed6f0e364b39dba4263611b01e7c2399232fbf23a66ad17760d616314c,Argus-2b5c0eed6f0e364b39dba4263611b01e7c2399232fbf23a66ad17760d616314c.exe,133344027340000000,1,0,0,0,0,0,0,30913,10523,30,1,1,0,0,0,0,0,0,36389,11980,48,14,8,0,0,0,0,0,0,28263,9439,31,17,5,0,0,0,0,0,0,39395,13373,39,3,2,0,0,0,0,0,0,32149,10945,31,1,0,0,0,0,0,0,0,32283,10992,32,5,4,0,0,0,0,0,0,21840,7435,22,3,0,0,0,0,0,0,0,24904,8480,26,4,3,0,0,0,0,0,0,19822,6748,19,2,2,0,0,0,0,0,0,19936,6789,19,1,2
88,Argus-2b5c0eed6f0e364b39dba4263611b01e7c2399232fbf23a66ad17760d616314c,Argus-2b5c0eed6f0e364b39dba4263611b01e7c2399232fbf23a66ad17760d616314c.exe,133344027350000000,1,0,0,0,0,0,0,30872,10511,30,2,1,0,0,0,0,0,0,28055,9549,27,1,0,0,0,0,0,0,0,17502,5955,18,1,1,0,0,0,0,0,0,30112,9943,38,13,8,0,0,0,0,0,0,30302,10182,35,0,0,0,0,0,0,0,0,16259,5506,17,3,1,0,0,0,0,0,0,30067,10235,29,0,1,0,0,0,0,0,0,29314,9981,31,2,2,0,0,0,0,0,0,12507,4259,12,2,2,0,0,0,0,0,0,25723,8758,26,3,1
89,Argus-2b5c0eed6f0e364b39dba4263611b01e7c2399232fbf23a66ad17760d616314c,Argus-2b5c0eed6f0e364b39dba4263611b01e7c2399232fbf23a66ad17760d616314c.exe,133344027360000000,1,0,0,0,0,0,0,25871,8808,24,2,1,0,0,0,0,0,0,25465,8669,25,3,2,0,0,0,0,0,0,24339,8286,24,2,0,0,0,0,0,0,0,25759,8769,24,2,4,0,0,0,0,0,0,27652,9414,28,2,0,0,0,0,0,0,0,22385,7407,28,13,9,0,0,0,0,0,0,20978,6934,27,6,4,0,0,0,0,0,0,26533,8984,26,1,3,0,0,0,0,0,0,27538,9375,27,2,3,0,0,0,0,0,0,20332,6924,19,1,1
90,Argus-2b5c0eed6f0e364b39dba4263611b01e7c2399232fbf23a66ad17760d616314c,Argus-2b5c0eed6f0e364b39dba4263611b01e7c2399232fbf23a66ad17760d616314c.exe,133344027370000000,1,0,0,0,0,0,0,14149,4818,14,2,1,0,0,0,0,0,0,17385,5921,17,1,0,0,0,0,0,0,0,15339,5221,15,1,1,0,0,0,0,0,0,23514,8005,23,1,0,0,0,0,0,0,0,16189,5510,17,2,0,0,0,0,0,0,0,26699,9092,26,1,0,0,0,0,0,0,0,17143,5836,16,2,0,0,0,0,0,0,0,16192,5333,20,12,7,0,0,0,0,0,0,21528,7226,24,13,5,0,0,0,0,0,0,18778,6010,28,11,3
91,Argus-2b5c0eed6f0e364b39dba4263611b01e7c2399232fbf23a66ad17760d616314c,Argus-2b5c0eed6f0e364b39dba4263611b01e7c2399232fbf23a66ad17760d616314c.exe,133344027380000000,1,0,0,0,0,0,0,10557,3561,12,2,1,0,0,0,0,0,0,21476,7314,22,2,1,3,5,0,0,11,1640211,12927,1368,28,58,21,0,0,0,0,0,0,26920,1371,30,9,0,0,0,0,0,0,0,24505,1282,32,9,2,0,0,0,0,0,0,24265,1271,27,12,1,1,2,0,0,3,885731,25697,1710,36,43,19,1,0,0,0,3,209255,26040,1523,31,12,4,0,1,0,0,1,149799,19047,1148,23,21,7,0,0,0,0,0,0,17401,942,19,5,1
92,Argus-2b5c0eed6f0e364b39dba4263611b01e7c2399232fbf23a66ad17760d616314c,Argus-2b5c0eed6f0e364b39dba4263611b01e7c2399232fbf23a66ad17760d616314c.exe,133344027390000000,1,0,0,0,0,0,0,20810,1689,33,21,11,0,0,0,0,0,0,16169,1188,25,11,2,1,1,0,0,3,124700,17366,1229,26,25,13,1,1,0,0,3,925246,17867,1098,21,21,11,0,0,0,0,0,0,18113,1001,21,11,3,0,0,0,0,0,0,18104,921,21,8,2,1,2,0,0,3,854659,17952,1262,24,37,19,0,0,0,0,1,0,9798,584,12,6,2,0,0,0,0,0,0,8660,449,9,5,1,0,0,0,0,0,0,9485,478,10,3,1
93,Argus-2b5c0eed6f0e364b39dba4263611b01e7c2399232fbf23a66ad17760d616314c,Argus-2b5c0eed6f0e364b39dba4263611b01e7c2399232fbf23a66ad17760d616314c.exe,133344027400000000,1,1,1,0,0,3,189629,10246,687,14,13,6,0,0,0,0,0,0,11610,1036,21,27,8,0,0,0,0,0,0,10747,1019,22,20,4,0,0,0,0,0,0,9782,552,11,3,2,0,6,16,0,51,68595,4027,800,15,44,18,0,0,0,0,0,0,0,0,0,0,0,0,0,0,0,0,0,0,0,0,0,0,0,0,0,0,0,0,0,0,0,0,0,0,0,0,0,0,0,0,0,0,0,0,0,0,0,0,0,0,1,0,0,0,0
94,Argus-2b5c0eed6f0e364b39dba4263611b01e7c2399232fbf23a66ad17760d616314c,Argus-2b5c0eed6f0e364b39dba4263611b01e7c2399232fbf23a66ad17760d616314c.exe,133344027410000000,1,0,0,0,0,0,0,0,0,0,0,0,0,0,0,0,0,0,0,0,0,0,0,0,0,0,0,0,0,3198,760,11,13,7,0,0,0,0,0,0,1558,382,6,3,2,0,0,0,0,0,0,3,0,0,1,1,0,0,0,0,0,0,0,0,0,0,0,0,0,0,0,0,0,0,0,0,0,0,0,0,0,0,0,0,0,0,0,0,0,0,0,0,0,0,0,0,0,0,0,0,0,0,0,0,0,0,4,1,0,1,0
95,Argus-2b5c0eed6f0e364b39dba4263611b01e7c2399232fbf23a66ad17760d616314c,Argus-2b5c0eed6f0e364b39dba4263611b01e7c2399232fbf23a66ad17760d616314c.exe,133344027420000000,1,0,0,0,0,0,0,0,0,0,0,0,0,0,0,0,0,0,0,0,0,0,0,0,0,0,0,0,0,0,0,0,0,0,0,0,0,0,0,0,4754,1141,16,16,9,0,0,0,0,0,0,0,0,0,1,0,0,10,127,0,378,19770,9733,2077,45,174,34,0,2,163,0,490,3954,11975,2573,51,198,27,0,2,144,0,432,3954,10956,2468,44,167,20,0,1,121,0,363,1977,10244,2215,41,139,15,1,1,36,0,121,63662,11430,2489,67,209,48
96,Argus-2b5c0eed6f0e364b39dba4263611b01e7c2399232fbf23a66ad17760d616314c,Argus-2b5c0eed6f0e364b39dba4263611b01e7c2399232fbf23a66ad17760d616314c.exe,133344027430000000,1,7,0,0,0,34,2573,14962,3236,44,65,13,5,0,0,0,46,2124,12162,2574,47,98,28,0,0,0,0,18,0,11895,2612,43,76,28,0,0,0,0,24,0,12866,2726,36,58,23,0,0,0,0,0,0,11744,2570,36,42,6,0,0,0,0,2,0,11257,2431,26,23,7,0,0,0,0,0,0,11384,2339,21,1,1,0,0,0,0,0,0,11098,2286,28,29,4,0,0,0,0,0,0,10065,2067,20,7,1,0,0,0,0,0,0,10332,2121,20,2,1
97,Argus-2b5c0eed6f0e364b39dba4263611b01e7c2399232fbf23a66ad17760d616314c,Argus-2b5c0eed6f0e364b39dba4263611b01e7c2399232fbf23a66ad17760d616314c.exe,133344027440000000,1,0,0,0,0,0,0,10596,2175,20,3,0,0,0,0,0,0,0,10467,2148,20,2,1,0,0,0,0,0,0,10629,2182,21,2,1,0,0,0,0,0,0,11794,2422,22,2,1,0,0,0,0,0,0,11437,2349,22,2,1,0,0,0,0,0,0,15611,3391,40,20,11,0,0,0,0,0,0,10118,2078,19,2,1,0,0,0,0,0,0,10890,2236,21,2,0,0,0,0,0,0,0,11050,2269,23,2,1,0,0,0,0,0,0,11585,2379,23,2,1
98,Argus-2b5c0eed6f0e364b39dba4263611b01e7c2399232fbf23a66ad17760d616314c,Argus-2b5c0eed6f0e364b39dba4263611b01e7c2399232fbf23a66ad17760d616314c.exe,133344027450000000,1,0,0,0,0,0,0,12193,2505,23,2,0,0,0,0,0,0,0,10775,2211,21,2,1,0,0,0,0,0,0,11404,2342,22,2,0,0,0,0,0,0,0,12161,2497,23,2,1,0,0,0,0,0,0,11372,2335,23,4,2,0,0,0,0,0,0,12885,2675,30,9,4,0,0,0,0,0,0,14994,3238,39,32,10,0,0,0,0,0,0,11676,2397,23,2,1,0,0,0,0,0,0,9616,1973,19,6,2,0,0,0,0,0,0,11843,2433,23,1,1
99,Argus-2b5c0eed6f0e364b39dba4263611b01e7c2399232fbf23a66ad17760d616314c,Argus-2b5c0eed6f0e364b39dba4263611b01e7c2399232fbf23a66ad17760d616314c.exe,133344027460000000,1,0,0,0,0,0,0,11228,2305,21,3,1,0,0,0,0,0,0,12129,2491,23,2,0,0,0,0,0,0,0,11501,2362,22,2,1,0,0,0,0,0,0,11797,2421,22,1,0,0,0,0,0,0,0,11983,2461,22,2,1,0,0,0,0,0,0,12032,2470,22,2,1,0,0,0,0,0,0,15294,3265,36,38,16,0,0,0,0,0,0,12930,2760,30,17,5,0,0,0,0,0,0,11534,2368,22,2,0,0,0,0,0,0,0,12493,2566,23,1,1
100,Argus-2b5c0eed6f0e364b39dba4263611b01e7c2399232fbf23a66ad17760d616314c,Argus-2b5c0eed6f0e364b39dba4263611b01e7c2399232fbf23a66ad17760d616314c.exe,133344027470000000,1,0,0,0,0,0,0,11064,2271,21,2,1,0,0,0,0,0,0,12258,2518,23,3,0,0,0,0,0,0,0,11645,2392,23,4,0,0,0,0,0,0,0,12073,2479,23,2,1,0,0,0,0,0,0,11933,2451,22,2,1,0,0,0,0,0,0,8954,1836,17,1,0,0,0,0,0,0,0,10359,2125,20,2,1,0,0,0,0,0,0,14566,3119,37,27,9,0,0,0,0,0,0,14016,2937,29,4,2,0,0,0,0,0,0,13591,2791,27,2,0
101,Argus-2b5c0eed6f0e364b39dba4263611b01e7c2399232fbf23a66ad17760d616314c,Argus-2b5c0eed6f0e364b39dba4263611b01e7c2399232fbf23a66ad17760d616314c.exe,133344027480000000,1,0,0,0,0,0,0,13661,2806,25,2,1,0,0,0,0,0,0,13794,2833,26,1,1,0,0,0,0,0,0,13068,2684,23,3,1,0,0,0,0,0,0,11918,2446,23,1,0,0,0,0,0,0,0,9614,1972,18,3,1,0,0,0,0,0,0,9473,1942,18,10,1,0,0,0,0,0,0,11812,2428,26,7,2,0,0,0,0,0,0,12003,2467,27,6,2,0,0,0,0,0,0,13629,2934,33,38,15,0,0,0,0,0,0,11553,2456,28,11,2
102,Argus-2b5c0eed6f0e364b39dba4263611b01e7c2399232fbf23a66ad17760d616314c,Argus-2b5c0eed6f0e364b39dba4263611b01e7c2399232fbf23a66ad17760d616314c.exe,133344027490000000,1,0,0,0,0,0,0,10916,2241,21,2,1,0,0,0,0,0,0,12068,2478,23,2,0,0,0,0,0,0,0,11874,2440,25,6,1,0,0,0,0,0,0,11957,2455,23,1,1,0,0,0,0,0,0,12173,2500,22,2,0,0,0,0,0,0,0,11694,2401,22,3,1,0,0,0,0,0,0,11441,2349,21,2,1,0,0,0,0,0,0,11836,2430,23,2,1,0,0,0,0,0,0,11924,2448,22,2,0,0,0,0,0,0,0,13404,2876,35,23,10
103,Argus-2b5c0eed6f0e364b39dba4263611b01e7c2399232fbf23a66ad17760d616314c,Argus-2b5c0eed6f0e364b39dba4263611b01e7c2399232fbf23a66ad17760d616314c.exe,133344027500000000,1,0,0,0,0,0,0,11523,2428,26,4,2,0,0,0,0,0,0,11354,2331,22,2,1,0,0,0,0,0,0,11330,2326,22,2,1,0,0,0,0,0,0,11667,2396,22,1,1,0,0,0,0,0,0,11245,2307,22,3,1,0,0,0,0,0,0,11257,2313,25,6,2,0,0,0,0,0,0,11547,2373,26,6,1,0,0,0,0,0,0,10943,2248,23,6,1,0,0,0,0,0,0,11617,2385,22,3,0,0,0,0,0,0,0,10877,2233,22,2,1
104,Argus-2b5c0eed6f0e364b39dba4263611b01e7c2399232fbf23a66ad17760d616314c,Argus-2b5c0eed6f0e364b39dba4263611b01e7c2399232fbf23a66ad17760d616314c.exe,133344027510000000,1,0,0,0,0,0,0,15728,3416,38,32,15,0,0,0,0,0,0,11422,2377,23,4,1,0,0,0,0,0,0,10766,2212,22,4,2,0,0,0,0,0,0,11784,2419,22,2,1,0,0,0,0,0,0,11707,2404,21,4,0,0,0,0,0,24,0,8215,1702,34,88,7,0,0,0,0,38,0,5746,1301,34,115,10,0,0,0,0,39,0,5379,1212,32,119,13,0,0,0,0,9,0,5975,1282,40,100,19,0,741,0,0,741,2508048718,12892,2182,21,52,19
105,Argus-2b5c0eed6f0e364b39dba4263611b01e7c2399232fbf23a66ad17760d616314c,Argus-2b5c0eed6f0e364b39dba4263611b01e7c2399232fbf23a66ad17760d616314c.exe,133344027520000000,1,0,570,0,0,571,5484400572,10078,1699,19,45,19,0,435,0,0,435,6358425650,13648,2688,33,55,24,0,0,0,0,0,0,360,87,3,4,1,0,0,0,0,0,0,13,1,0,4,0,0,0,0,0,0,0,27,5,1,2,0,0,0,0,0,4,0,1208,271,7,41,12,0,0,0,0,0,0,0,0,0,0,0,0,0,0,0,0,0,0,0,0,0,0,0,0,0,0,0,0,0,0,0,0,0,0,0,0,0,0,0,0,0,0,0,0
