,Sample,Process,Second,avg_branchinstructionrate,std_branchinstructionrate,avg_branchmispredictsrate,std_branchmispredictsrate,avg_llcrefrate,std_llcrefrate,avg_llcmissrate,std_llcmissrate,corr_instruction_branchinstruction,corr_instruction_llcref
0,rust5,Idle,13337427787,0.294320987654321,0.014320987654320966,0.09571428571428571,0.024285714285714285,0.25962962962962965,0.000370370370370382,0.25457875457875456,0.20695970695970697,1.0,1.0
1,rust5,Idle,13337427788,0.20584364620445847,0.08696667500199728,0.09509803921568627,0.16867589363458432,0.2333784468659678,0.06866231795345815,0.5166666666666667,0.5565768390597814,0.9392988240500616,0.9726982507859094
2,rust5,Idle,13337427789,0.2033776204039733,0.04828713855229445,0.15210557960557963,0.1386926914399237,0.16725660802602044,0.11268269734050104,0.12863748320644872,0.12012947076196684,0.9981626445622855,0.928175577454197
3,rust5,Idle,13337427790,0.20767777684805547,0.06810816413134231,0.2100793650793651,0.23447352615406322,0.2366337544975316,0.07500079407014597,0.3287878787878788,0.28419986687218973,0.9622520904643517,0.8835971586645872
4,rust5,Idle,13337427791,0.23423553589088394,0.059205071572417674,0.10178571428571428,0.08846647968135096,0.27066887476480006,0.06724139941395854,0.3491666666666667,0.3072831213501104,0.8032913862816241,0.7401065268764345
5,rust5,Idle,13337427792,0.22518181136602186,0.07871989005497183,0.15595238095238093,0.23111494033544974,0.3022537112010796,0.10461576112766438,0.21761904761904766,0.17970497364018728,0.7149097993267903,0.6725087725333173
6,rust5,Idle,13337427793,0.20691272121665988,0.06386640365385537,0.15166666666666667,0.29500000000000004,0.27951517419109473,0.07698323486825392,0.22634920634920636,0.18936740774789618,0.8631336753879506,0.6746701939549267
7,rust5,Idle,13337427794,0.24966622965878502,0.08924611486591018,0.07972582972582971,0.10121860566443315,0.3236708216334415,0.10280154322185013,0.27958553791887125,0.2923542035692049,0.8071868056061788,0.6707559556208726
8,rust5,Idle,13337427795,0.2637512408680524,0.1047203190447593,0.09523809523809523,0.14599723539767515,0.28147956900235893,0.088553302193133,0.43357142857142855,0.33189049979605517,0.9547374561103361,0.8771693444376261
9,rust5,Idle,13337427796,0.2907115792284122,0.08809742170436913,0.13277777777777777,0.1806444225748678,0.29990112190631124,0.07981149516943233,0.3583333333333333,0.28087165910587863,0.476986081656217,0.5904178072907222
10,rust5,Idle,13337427797,0.21850329321593687,0.06940153769269494,0.2074074074074074,0.2324203183664775,0.33316162339150845,0.08596696977833686,0.39576719576719577,0.16200501789248814,0.5412040148726593,0.9762151317134922
11,rust5,Idle,13337427798,0.21868195121871592,0.07010163316111641,0.18398268398268397,0.13873428924904174,0.32134779028161387,0.09867430316780776,0.2905135387488329,0.1726361635292964,0.9412050457224047,0.9582304983620731
12,rust5,Idle,13337427799,0.2866413912884501,0.07715876102843108,0.10736263736263736,0.1499088399885952,0.3078908542437954,0.15175316448829476,0.42056489262371616,0.33998962919992004,0.9727107297987554,0.8986299190913032
13,rust5,Idle,13337427800,0.2508100770313228,0.060463022794016094,0.12206299447678756,0.13757105916094794,0.31528840535955915,0.07639292105592933,0.3042871176624037,0.1476211005311064,0.9565222767187135,0.9379494580952932
14,rust5,Idle,13337427801,0.3033522209417064,0.1278275031443932,0.1106800766283525,0.0708476446545762,0.1857514368140766,0.0838745289977166,0.05576259489302968,0.0720789017141264,0.9789065384173263,0.9321369861406789
15,rust5,Idle,13337427802,0.2609848484848485,0.05909455116981119,0.06944444444444445,0.07216878364870322,0.13396464646464645,0.06494895985295701,0.8,1.2727922061357857,0.5175331807157855,0.7297803072013882
16,rust5,Idle,13337427803,0.23601601467665093,0.06894083970014767,0.08494565217391305,0.05442660051891325,0.20106781032207569,0.07927598133081133,0.09607142857142856,0.16088795730960173,0.8004699953901734,0.42310013759341214
17,rust5,Idle,13337427804,0.24077790982367592,0.0594484132812297,0.060969817219817216,0.06851757147368892,0.2028904927312344,0.05546234122454965,0.1780851229380641,0.2982925657684306,0.9230035296242297,0.9569815628577619
18,rust5,Idle,13337427805,0.29796711475658844,0.13061562036032542,0.17333333333333334,0.33888706739036895,0.33453884711779447,0.10367955670179005,0.3183333333333333,0.32544414096567925,0.8884485888530476,0.941163138134312
19,rust5,Idle,13337427806,0.23614331037198255,0.06980783463797566,0.14014817629179332,0.13775019926131624,0.19451570358106754,0.08101218688837461,0.03274132730015083,0.04327454989535856,0.9832342239214752,0.9218078849699513
20,rust5,Idle,13337427807,0.2207081682783894,0.05702191080670351,0.08898801066320246,0.10068951894081551,0.12121525845712987,0.054058875038084445,0.255918663761801,0.6186126415211477,0.9509665809602392,0.8701663223356878
21,rust5,Idle,13337427808,0.23438918241784182,0.03476042291439776,0.14550577016050165,0.1312014459358822,0.2589597599676946,0.04500315618739149,0.016310160427807485,0.03639606135352857,0.9369139670012241,0.8517401267171014
22,rust5,Idle,13337427809,0.24404215066574003,0.06466915732418399,0.2188888888888889,0.18461170461669402,0.26130115543862353,0.10354721455396669,0.4419047619047619,0.3302367124021661,0.8543731263563686,0.9507658994092305
23,rust5,Idle,13337427810,0.21406204906204906,0.0911554270913586,0.05333333333333333,0.11075498483890765,0.30795815295815293,0.19740610479846535,0.6216666666666667,0.5590691668598201,0.7569869075164897,0.5118925925944015
24,rust5,Idle,13337427811,0.2130036935636192,0.08117417311868198,0.0625,0.11599509089229211,0.24609678634993282,0.07149552180843523,0.5072916666666667,0.3168156858797311,0.4814569204856494,0.9838379358865638
25,rust5,Idle,13337427812,0.2208342079119425,0.03800808570929286,0.14560886644219975,0.1481198532650518,0.2531035155086009,0.09620678718701049,0.2953262786596119,0.19333118373987226,0.9940681218182774,0.5245599587122346
26,rust5,Idle,13337427813,0.21738785300096344,0.05037062964006001,0.12435171608558704,0.1342669677531943,0.22839620633074267,0.16642856390919647,0.03838383838383838,0.05911464601373548,0.9855397115266635,0.7158169681551175
27,rust5,LogonUI.exe,13337427799,0.20205128205128206,0.0,0.015228426395939087,0.0,0.008205128205128205,0.0,0.4375,0.0,,
28,rust5,MemCompression,13337427805,0.14893617021276595,0.0,0.0,0.0,0.02127659574468085,0.0,1.0,0.0,,
29,rust5,OfficeClickToRun.exe,13337427811,0.16666666666666666,0.0,0.0,0.0,0.16666666666666666,0.0,0.0,0.0,,
30,rust5,OfficeClickToRun.exe,13337427812,0.5,0.0,0.0,0.0,0.5,0.0,1.0,0.0,,
31,rust5,Registry,13337427800,0.1724137931034483,0.0,0.2,0.0,0.10344827586206896,0.0,0.6666666666666666,0.0,,
32,rust5,Registry,13337427809,0.14432989690721648,0.0,0.0,0.0,0.07216494845360824,0.0,0.2857142857142857,0.0,,
33,rust5,RuntimeBroker.exe,13337427795,0.5,0.0,0.0,0.0,0.5,0.0,0.0,0.0,,
34,rust5,RuntimeBroker.exe,13337427799,0.5,0.0,0.0,0.0,0.5,0.0,0.0,0.0,,
35,rust5,RuntimeBroker.exe,13337427800,0.5,0.0,0.0,0.0,0.5,0.0,0.0,0.0,,
36,rust5,RuntimeBroker.exe,13337427801,0.21708185053380782,0.0,0.06557377049180328,0.0,0.03558718861209965,0.0,0.2,0.0,,
37,rust5,RuntimeBroker.exe,13337427805,0.5,0.0,0.0,0.0,0.5,0.0,0.0,0.0,,
38,rust5,RuntimeBroker.exe,13337427806,0.24175824175824176,0.0,0.022727272727272728,0.0,0.02197802197802198,0.0,0.25,0.0,,
39,rust5,RuntimeBroker.exe,13337427807,0.2916666666666667,0.0,0.0,0.0,0.0625,0.0,0.3333333333333333,0.0,,
40,rust5,RuntimeBroker.exe,13337427808,0.24675324675324675,0.0,0.05263157894736842,0.0,0.025974025974025976,0.0,0.0,0.0,,
41,rust5,RuntimeBroker.exe,13337427809,0.41666666666666663,0.08333333333333334,0.0,0.0,0.5833333333333333,0.08333333333333331,0.0,0.0,,0.9999999999999999
42,rust5,SearchIndexer.exe,13337427787,0.125,0.0,0.0,0.0,0.125,0.0,0.0,0.0,,
43,rust5,SearchIndexer.exe,13337427789,0.16666666666666666,0.0,0.0,0.0,0.08333333333333333,0.0,0.0,0.0,,
44,rust5,SearchIndexer.exe,13337427794,0.14285714285714285,0.0,0.0,0.0,0.14285714285714285,0.0,0.0,0.0,,
45,rust5,SearchIndexer.exe,13337427795,0.18181818181818182,0.0,0.0,0.0,0.09090909090909091,0.0,1.0,0.0,,
46,rust5,SearchIndexer.exe,13337427798,0.25,0.0,0.0,0.0,0.125,0.0,0.0,0.0,,
47,rust5,SearchIndexer.exe,13337427799,0.23138832997987926,0.0,0.02608695652173913,0.0,0.028169014084507043,0.0,0.35714285714285715,0.0,,
48,rust5,SearchIndexer.exe,13337427800,0.23857883372637897,0.0031687390891549927,0.0257815180319267,0.0023309317672700856,0.0156384949924964,0.0018372331628434052,0.4222222222222222,0.0222222222222222,1.0,1.0
49,rust5,SearchIndexer.exe,13337427801,0.24680082600249612,0.00783905884742414,0.016481766103880607,0.0031275650524296332,0.007240997723707354,0.0027315498657211707,0.3062058714232627,0.04771741148082831,0.9996834889626773,0.9451079153519386
50,rust5,SearchIndexer.exe,13337427802,0.2465284999510903,0.0033292342238281183,0.01758045357379307,0.0033497725929027,0.0074385744628850375,0.001979741625949271,0.289250788893646,0.07633346252787244,0.9996555897671076,0.8050086175925999
51,rust5,SearchIndexer.exe,13337427803,0.2334693199472991,0.010840556164922691,0.025646552635781094,0.006527808780997121,0.014279088608716697,0.004639636747641448,0.2861538202952357,0.10326189030830049,0.993813456773815,0.31952897651529
52,rust5,SearchIndexer.exe,13337427804,0.22925570150098365,0.012152821110450573,0.028347567115314786,0.004937685888327484,0.017045061262595664,0.00292568917804802,0.31737012987012986,0.1244300611989771,0.9918604109771142,0.9614553611102441
53,rust5,SearchIndexer.exe,13337427805,0.22208873645361094,0.003295253377660893,0.01980895816512255,0.01464867221003481,0.046755347972634774,0.04554154079254698,0.2528138528138528,0.037719516728644084,0.9999876016759567,0.9998312824860666
54,rust5,SearchIndexer.exe,13337427806,0.23881135717750604,0.006669924529403104,0.021285013716748513,0.00779316080592687,0.011327514332997267,0.005534765547471756,0.2652816698581726,0.07144358166877852,0.9979713544651003,0.6132925296937193
55,rust5,SearchIndexer.exe,13337427807,0.2239366113060729,0.01502936171052909,0.02505159311692685,0.005641709833871277,0.013289189373579788,0.003050938117203305,0.32816595939597004,0.15498542420570208,0.9967304616987469,0.9927919959477562
56,rust5,SearchIndexer.exe,13337427808,0.23045066655526045,0.011567704779025056,0.0261223848027201,0.007389412054032832,0.01579862169648761,0.005309753375779321,0.20164871535423434,0.10332815480259215,0.9955194390129881,0.26089520394107696
57,rust5,SearchIndexer.exe,13337427809,0.35,0.15,0.0,0.0,0.15833333333333333,0.09166666666666667,0.5,0.5,1.0,
58,rust5,SearchIndexer.exe,13337427811,1.0,0.0,0.0,0.0,1.0,0.0,0.0,0.0,,
59,rust5,SearchIndexer.exe,13337427812,0.15384615384615385,0.0,0.5,0.0,0.07692307692307693,0.0,0.0,0.0,,
60,rust5,SearchIndexer.exe,13337427813,0.21363636363636362,0.013636363636363627,0.1,0.1,0.16818181818181818,0.03181818181818183,0.0,0.0,1.0,1.0
61,rust5,SearchProtocolHost.exe,13337427799,0.2264367816091954,0.0,0.030456852791878174,0.0,0.027586206896551724,0.0,0.20833333333333334,0.0,,
62,rust5,SearchProtocolHost.exe,13337427800,0.22144952952365915,0.0037945430007481074,0.034055727554179564,0.006191950464396285,0.02178514099253027,0.0047141616573999935,0.2631578947368421,0.026315789473684223,0.9999999999999999,0.9999999999999999
63,rust5,SearchProtocolHost.exe,13337427801,0.23299144780069345,0.005228752596220666,0.03893985124101773,0.010527936094864467,0.020347181453131604,0.002400171588917372,0.537878787878788,0.15999024304502177,0.9999334039404262,0.9963699184748495
64,rust5,SearchProtocolHost.exe,13337427802,0.22972277277186484,0.013080322959762547,0.027308415204085855,0.011064986663982965,0.020936017275843197,0.0065070628331843705,0.38059614544457143,0.21893922935180188,0.9989813400101512,0.9659793853940267
65,rust5,SearchProtocolHost.exe,13337427803,0.23455110675697427,0.014491139877035847,0.03602163315874264,0.006070331370239563,0.02818973916281476,0.009077701926681067,0.18624995376181205,0.058255323575705634,0.9931654748375944,0.9256648552831819
66,rust5,SearchProtocolHost.exe,13337427804,0.23137212170276278,0.012024443436940051,0.030011837357409615,0.005686941108330332,0.023989165383218297,0.007402262841952634,0.20523366452726413,0.05781274388325764,0.9913860969850357,0.8494453058116987
67,rust5,SearchProtocolHost.exe,13337427805,0.22899735246604574,0.002529741130013363,0.031502832917310514,0.003134038591069376,0.02288089254967658,0.000107613197449858,0.14365079365079364,0.0007936507936507908,1.0,1.0
68,rust5,SearchProtocolHost.exe,13337427806,0.2321368753515625,0.016487238271113997,0.03775179745953053,0.011728978579219753,0.03697103461044064,0.025944671773278794,0.19938498840396374,0.09122900556754863,0.9933531755141658,0.5859884909434382
69,rust5,SearchProtocolHost.exe,13337427807,0.23674387012811468,0.01755293140255889,0.035088550618678875,0.00606845362698446,0.028513605955143816,0.012455077314882719,0.24839970261350136,0.12238712514685625,0.9923884718721903,0.7729574565619902
70,rust5,SearchProtocolHost.exe,13337427808,0.23465725082354125,0.012141419309501729,0.04290596147935276,0.015685057481297518,0.039746456568426895,0.026370831024991843,0.14375061767239794,0.10508997313737309,0.9964109922938454,0.8854486716549724
71,rust5,SgrmBroker.exe,13337427789,0.23469387755102042,0.0,0.0,0.0,0.02040816326530612,0.0,0.5,0.0,,
72,rust5,SgrmBroker.exe,13337427790,0.226890756302521,0.0,0.037037037037037035,0.0,0.05042016806722689,0.0,0.3333333333333333,0.0,,
73,rust5,SgrmBroker.exe,13337427796,0.18604651162790697,0.0,0.0,0.0,0.11627906976744186,0.0,0.2,0.0,,
74,rust5,SgrmBroker.exe,13337427799,0.23711340206185566,0.0,0.043478260869565216,0.0,0.07216494845360824,0.0,0.0,0.0,,
75,rust5,SgrmBroker.exe,13337427803,0.21428571428571427,0.0,0.0,0.0,0.07142857142857142,0.0,0.0,0.0,,
76,rust5,SgrmBroker.exe,13337427804,0.22916666666666666,0.0,0.045454545454545456,0.0,0.07291666666666667,0.0,0.14285714285714285,0.0,,
77,rust5,SgrmBroker.exe,13337427805,0.20689655172413793,0.0,0.0,0.0,0.06896551724137931,0.0,0.5,0.0,,
78,rust5,SgrmBroker.exe,13337427806,0.23809523809523808,0.0,0.1,0.0,0.023809523809523808,0.0,2.0,0.0,,
79,rust5,SgrmBroker.exe,13337427807,0.25,0.0,0.0,0.0,0.08333333333333333,0.0,0.0,0.0,,
80,rust5,SgrmBroker.exe,13337427808,0.23809523809523808,0.0,0.1,0.0,0.023809523809523808,0.0,1.0,0.0,,
81,rust5,SgrmBroker.exe,13337427810,0.23684210526315788,0.0,0.0,0.0,0.10526315789473684,0.0,0.0,0.0,,
82,rust5,ShellExperienceHost.exe,13337427794,0.25,0.0,0.0,0.0,0.25,0.0,0.5,0.0,,
83,rust5,ShellExperienceHost.exe,13337427806,0.25,0.0,0.0,0.0,0.125,0.0,0.0,0.0,,
84,rust5,Skype.exe,13337427787,0.225,0.024999999999999994,0.0,0.0,0.31875,0.11875,0.14285714285714285,0.14285714285714285,1.0,1.0
85,rust5,Skype.exe,13337427788,0.29166666666666663,0.03726779962499649,0.02857142857142857,0.05714285714285714,0.475,0.17795130420052185,0.6916666666666667,0.7395569244111263,0.9971114239913592,0.9291757022035676
86,rust5,Skype.exe,13337427789,0.23744934838382295,0.020835100113213996,0.04369369369369369,0.04608484568913496,0.1635330487590213,0.03358248813019782,0.25177045177045176,0.13372288087989975,0.996122075926895,0.93319525851828
87,rust5,Skype.exe,13337427791,0.3333333333333333,0.11785113019775792,0.0,0.0,0.375,0.1767766952966369,0.5,0.408248290463863,0.944911182523068,-0.18898223650461357
88,rust5,Skype.exe,13337427792,0.3333333333333333,0.0,0.0,0.0,0.3333333333333333,0.0,0.0,0.0,,
89,rust5,Skype.exe,13337427793,0.3333333333333333,0.0,0.0,0.0,0.25,0.08333333333333333,0.25,0.25,,
90,rust5,Skype.exe,13337427795,0.3004926108374384,0.12807881773399013,0.1,0.1,0.35221674876847286,0.07635467980295566,0.0,0.0,1.0,1.0
91,rust5,Skype.exe,13337427796,0.30952380952380953,0.023809523809523808,0.0,0.0,0.30952380952380953,0.023809523809523808,0.0,0.0,0.9999999999999999,0.9999999999999999
92,rust5,Skype.exe,13337427797,0.2722222222222222,0.13298565781762026,0.25,0.4330127018922193,0.24444444444444446,0.15092308563562362,0.5,0.5,0.808290376865476,
93,rust5,Skype.exe,13337427798,0.3666666666666667,0.033333333333333354,0.0,0.0,0.26666666666666666,0.06666666666666665,1.0,1.0,0.9999999999999999,
94,rust5,Skype.exe,13337427799,0.45,0.04999999999999999,0.0,0.0,0.35,0.15,1.0,0.0,1.0,
95,rust5,Skype.exe,13337427800,0.3076923076923077,0.0,0.0,0.0,0.23076923076923078,0.0,0.6666666666666666,0.0,,
96,rust5,Skype.exe,13337427801,0.19408369408369408,0.05645253287739842,0.3333333333333333,0.4714045207910317,0.1810966810966811,0.0801807747867708,0.3333333333333333,0.4714045207910317,0.9819805060619657,-0.32732683535398854
97,rust5,Skype.exe,13337427802,0.16666666666666666,0.0,0.0,0.0,0.16666666666666666,0.0,0.0,0.0,,
98,rust5,Skype.exe,13337427803,0.15476190476190477,0.011904761904761904,1.0,0.0,0.15476190476190477,0.011904761904761904,1.0,0.0,,
99,rust5,Skype.exe,13337427804,0.16666666666666666,0.0,0.0,0.0,0.16666666666666666,0.0,0.0,0.0,,
100,rust5,Skype.exe,13337427805,0.22619047619047616,0.05952380952380952,0.0,0.0,0.15476190476190477,0.011904761904761904,0.5,0.5,0.9999999999999999,
101,rust5,Skype.exe,13337427807,0.41666666666666663,0.08333333333333334,0.0,0.0,0.41666666666666663,0.08333333333333334,0.0,0.0,,
102,rust5,Skype.exe,13337427808,0.41666666666666663,0.08333333333333334,0.0,0.0,0.3333333333333333,0.16666666666666669,1.0,0.0,0.9999999999999999,
103,rust5,Skype.exe,13337427809,0.31666666666666665,0.13123346456686352,0.0,0.0,0.31666666666666665,0.13123346456686352,0.3333333333333333,0.4714045207910317,,
104,rust5,Skype.exe,13337427810,0.3666666666666667,0.033333333333333354,0.0,0.0,0.4666666666666667,0.13333333333333333,0.6666666666666666,0.33333333333333337,0.9999999999999999,0.9999999999999999
105,rust5,Skype.exe,13337427811,0.3214285714285714,0.1785714285714286,1.0,1.0,0.3214285714285714,0.1785714285714286,0.5,0.5,,
106,rust5,Skype.exe,13337427812,0.236949451874825,0.07395855664546935,0.13888888888888887,0.2022252747022366,0.28785940427731466,0.14919235037000886,0.27777777777777773,0.35572912430182496,0.9888282248573776,0.9533206107977031
107,rust5,Skype.exe,13337427813,0.22164889347551886,0.012645765967270253,0.047619047619047616,0.06734350297014738,0.21494094713908954,0.043908373737905834,0.0925925925925926,0.06928995160692483,0.9882523920578046,0.8424890046437505
108,rust5,StartMenuExperienceHost.exe,13337427789,0.23299161230195714,0.0,0.02,0.0,0.010251630941286114,0.0,0.2727272727272727,0.0,,
109,rust5,StartMenuExperienceHost.exe,13337427794,0.25384615384615383,0.05384615384615385,0.125,0.125,0.17692307692307693,0.023076923076923078,0.75,0.75,1.0,0.9999999999999999
110,rust5,StartMenuExperienceHost.exe,13337427806,0.5,0.0,0.0,0.0,0.5,0.0,1.0,0.0,,
111,rust5,System,13337427787,0.21663512984470834,0.017900952629518463,0.01823335899769021,0.007244348008679219,0.012093827482709122,0.004361868719822524,0.6923076923076923,0.30769230769230765,1.0,-1.0
112,rust5,System,13337427788,0.3843811142003914,0.28570082000939295,0.0854978354978355,0.1854316510458032,0.32950090962139156,0.35466753924548894,0.18055555555555558,0.2564747960086026,0.9999598359967677,0.9845247555927316
113,rust5,System,13337427789,0.213467327598599,0.06418938365145642,0.010364875701684042,0.022614976286827716,0.10521707239670802,0.08155445473375603,0.49424603174603177,0.6308065806884539,0.999424006788846,0.6437602918377455
114,rust5,System,13337427790,0.2243991118710428,0.02584554898037792,0.010479975066230326,0.013177768084999692,0.10915600167861433,0.06704996634475803,0.4110863095238095,0.2575143864966841,0.9991851884401259,-0.12540412421240413
115,rust5,System,13337427791,0.23351446699403502,0.06955942317580037,0.16864608076009502,0.3718180665215795,0.16648679910736602,0.10380389656748172,0.5339506172839505,0.5458427356195685,0.9999887846320454,0.9789187539255115
116,rust5,System,13337427792,0.3890826555140945,0.2926121475087511,0.15113636363636362,0.3273654382571399,0.21828551330249374,0.17225882267580467,0.2708333333333333,0.37209523123941146,0.9999616894510422,0.9840399901161733
117,rust5,System,13337427793,0.17439192924267552,0.07576999635119583,0.0018050541516245486,0.004036223786100703,0.16360558319513543,0.09842411438182755,0.5416666666666666,0.4187448175467038,0.999957150885772,0.8987928426611123
118,rust5,System,13337427794,0.22550314100888552,0.06814647717157052,0.061726452695615684,0.11440666877980242,0.13237384522692527,0.07184872368265033,0.16224489795918368,0.19634838013254582,0.999968941831024,0.9898619259157867
119,rust5,System,13337427795,0.34411284599786013,0.10516181379829886,0.06602082128397918,0.10151444465648235,0.16859441218536414,0.15187103775955085,0.48412698412698413,0.38342451838670355,0.9999577332614586,0.9671982264028857
120,rust5,System,13337427796,0.21645961513776507,0.10745806302185795,0.1448621553884712,0.3491421477279773,0.16648033379153235,0.08038266920898922,0.3273809523809524,0.3580346009957754,0.99991074754647,0.6937255472024367
121,rust5,System,13337427797,0.4503777012813157,0.2746821302233263,0.0018674136321195146,0.00457421053741023,0.3947265251482119,0.3209357820492628,0.2857142857142857,0.36421567954234174,0.999987285774064,0.9893831976265717
122,rust5,System,13337427798,0.22604905982328133,0.040233765739976765,0.012637133731426189,0.020410713693377023,0.19566600714002622,0.19487915790746474,0.31767676767676767,0.14229882005255043,0.999962929844566,0.9277548848978816
123,rust5,System,13337427799,0.20288413413413414,0.07225060473315242,0.05373134328358209,0.08466778867870349,0.1578781906906907,0.08626548818886637,0.1553030303030303,0.1856833481632749,0.9999487418238485,0.9111891707080564
124,rust5,System,13337427800,0.19964509359135632,0.06462149655163549,0.059190988223246296,0.13922260469031444,0.17820284536339376,0.11484994856459699,0.19642857142857142,0.3010516337238522,0.9999323798871519,0.8106433409957765
125,rust5,System,13337427801,0.2087024998798747,0.03058798945681227,0.02354771753799214,0.02699386314217537,0.05913875083164527,0.07252549076355684,0.7486111111111111,0.593640746933491,0.9998638798522376,0.6197593406790634
126,rust5,System,13337427802,0.21668707140478896,0.04357707018990906,0.0558685607129686,0.07116093909188279,0.06545694864305239,0.06894661224148067,0.5341041998936736,0.2560684868762557,0.9940020128143053,0.9518192628543599
127,rust5,System,13337427803,0.2331666541876299,0.06952131538630803,0.03123809523809524,0.05815478776407066,0.13188371018469874,0.16406266026929497,0.379047619047619,0.27682152866090226,0.9999791322691081,0.9755320277236726
128,rust5,System,13337427804,0.18393242313069597,0.03857567522951157,0.095089028541503,0.16618806439908232,0.07973136498846908,0.03689634669373551,0.42057142857142854,0.41458231309483734,0.9999407822221936,0.8765346256892187
129,rust5,System,13337427805,0.23053061769541733,0.15782363103626654,0.0466051762963877,0.07710817127847806,0.13603603830206906,0.10439068744417619,0.2606354456106405,0.2926223815601843,0.9999834877412832,0.9870419408435952
130,rust5,System,13337427806,0.21230914757577796,0.02861067082869649,0.06630323941557414,0.08123772368482512,0.06346507964612272,0.06297767828221727,0.4173940086316324,0.38296236490289964,0.9989202423345933,0.6246759064985848
131,rust5,System,13337427807,0.20177445551997192,0.026644848399325533,0.017948381452318456,0.03458582263794574,0.07006187238966469,0.03724071919879752,0.6458333333333333,0.8201562351162125,0.999966361127782,0.8310015286248746
132,rust5,System,13337427808,0.19840109336054207,0.06910233845108738,0.007740761084091089,0.010113864630207896,0.10485119869367451,0.04695273192854079,0.17443529775976582,0.1537041067756455,0.9997680087399803,0.9694514221174988
133,rust5,System,13337427809,0.22895602761793662,0.05460698113175892,0.008238636363636363,0.0178932173249997,0.18219452640728287,0.11713163616739039,0.6189236111111112,0.4914321560449464,0.9995621885637213,0.4708740695413748
134,rust5,System,13337427810,0.2143289098727165,0.07434586730097437,0.16776677667766776,0.3327973703477856,0.19850132989609326,0.10656670653326833,0.9060846560846562,0.5386440885766947,0.9999742175925671,0.970824958977211
135,rust5,System,13337427811,0.22167528657419616,0.06401375605048779,0.1086398631308811,0.19679937624346747,0.16619519802101385,0.09344383294525622,0.6958333333333333,0.36134874659623034,0.9999827886084115,0.9244011617439637
136,rust5,System,13337427812,0.24273819952693562,0.12186523023802895,0.011592692237262829,0.023156182778849642,0.18563223297160364,0.1427693349950903,0.4293137254901961,0.3514233293356946,0.9993676199410657,0.25864617537772117
137,rust5,System,13337427813,0.19977612224019467,0.059994833905367764,0.05306267806267806,0.08340103052966405,0.10603209089584602,0.03483469669423895,0.4102272727272727,0.7146679356627544,0.9914490286888367,0.9811872429195523
138,rust5,TabTip.exe,13337427788,0.5833333333333333,0.08333333333333331,0.0,0.0,0.8333333333333333,0.16666666666666669,0.0,0.0,0.9999999999999999,
139,rust5,TabTip.exe,13337427789,0.26967315700868333,0.05704061383897372,0.0,0.0,0.2313507885876307,0.1606310462693485,0.2916666666666667,0.3656235161413384,0.9672444076928499,0.24961293624512151
140,rust5,TabTip.exe,13337427790,0.4644444444444445,0.16516359267610708,0.1,0.20000000000000004,0.6311111111111111,0.24769555187720488,0.0,0.0,0.47075654176200427,0.12009611535381537
141,rust5,TabTip.exe,13337427791,0.5,0.0,0.0,0.0,0.375,0.125,0.0,0.0,0.9999999999999999,
142,rust5,TabTip.exe,13337427792,0.375,0.22308858894734734,0.3333333333333333,0.4714045207910317,0.34722222222222215,0.019641855032959663,0.0,0.0,-0.4999999999999999,1.0
143,rust5,TabTip.exe,13337427793,0.37,0.1634353422950835,0.0,0.0,0.45999999999999996,0.11623730516108462,0.1,0.20000000000000004,0.0,0.5590169943749473
144,rust5,TabTip.exe,13337427794,0.3214285714285714,0.10412414097938037,0.125,0.21650635094610965,0.5178571428571428,0.3077444274931087,0.0,0.0,0.8892972917998875,0.6859943405700353
145,rust5,TabTip.exe,13337427795,0.33730158730158727,0.07295546155099299,0.0,0.0,0.33730158730158727,0.07295546155099299,0.0,0.0,0.970725343394151,0.970725343394151
146,rust5,TabTip.exe,13337427796,0.2,0.0,0.0,0.0,0.2,0.0,0.0,0.0,,
147,rust5,TabTip.exe,13337427797,0.6666666666666666,0.33333333333333337,0.0,0.0,0.75,0.25,0.0,0.0,-0.9999999999999999,0.9999999999999999
148,rust5,TabTip.exe,13337427798,0.25,0.0,0.0,0.0,0.5,0.0,0.0,0.0,,
149,rust5,TabTip.exe,13337427808,0.5,0.0,0.0,0.0,0.5,0.0,0.0,0.0,,
150,rust5,TabTip.exe,13337427812,0.2631578947368421,0.0,0.0,0.0,0.05263157894736842,0.0,0.0,0.0,,
151,rust5,TabTip.exe,13337427813,0.20238095238095238,0.059523809523809534,0.13636363636363635,0.13636363636363635,0.16666666666666666,0.023809523809523808,0.0,0.0,0.9999999999999999,1.0
152,rust5,TextInputHost.exe,13337427789,0.2695501559631994,0.05848836767387119,0.10323936026023313,0.08630049159577115,0.09192618304937147,0.03680015813400609,0.33714285714285713,0.18617525208737043,0.9708189762030527,0.8708689588873376
153,rust5,TextInputHost.exe,13337427794,0.5,0.0,0.0,0.0,0.5,0.0,0.0,0.0,,
154,rust5,TextInputHost.exe,13337427812,0.24670719351570414,0.008611955420466055,0.12083333333333333,0.07916666666666666,0.14311043566362713,0.04736575481256332,0.18055555555555555,0.06944444444444445,1.0,1.0
155,rust5,TextInputHost.exe,13337427813,0.19444444444444445,0.0,0.07142857142857142,0.0,0.1388888888888889,0.0,0.2,0.0,,
156,rust5,Unknown,13337427787,0.22900763358778625,0.0,0.025,0.0,0.015267175572519083,0.0,0.5,0.0,,
157,rust5,Unknown,13337427789,0.225,0.024999999999999994,0.125,0.125,0.08125,0.018750000000000003,0.0,0.0,1.0,
158,rust5,Unknown,13337427794,0.21906116642958748,0.0,0.01948051948051948,0.0,0.01422475106685633,0.0,0.4,0.0,,
159,rust5,Unknown,13337427797,0.3333333333333333,0.0,0.0,0.0,0.3333333333333333,0.0,0.0,0.0,,
160,rust5,Unknown,13337427798,0.2148584905660377,0.010521933407780293,0.010826210826210826,0.007687029950559568,0.07445683247570041,0.08877281347548316,0.36507936507936506,0.2758436063013137,0.9999857510276265,0.9975602281428746
161,rust5,Unknown,13337427800,0.25,0.0,0.0,0.0,0.25,0.0,0.0,0.0,,
162,rust5,Unknown,13337427801,0.2202540209915292,0.026858225827020875,0.03657966108721365,0.04672894590730196,0.03176038586242596,0.025614139814559282,0.5089285714285714,0.38261125055024064,0.9994854398109808,0.9268374851703476
163,rust5,Unknown,13337427802,0.24150054372698035,0.025242420288940498,0.02474938652788265,0.03442420490641615,0.04530603784135621,0.037688251598290215,0.3888888888888889,0.29917582261858355,0.999846307069382,0.9198791323190927
164,rust5,Unknown,13337427803,0.220969089390142,0.0012531328320802004,0.0076045627376425855,0.0076045627376425855,0.059314954051796154,0.05179615705931495,0.2777777777777778,0.2777777777777778,1.0,1.0
165,rust5,Unknown,13337427805,0.2205570693309113,0.001665152891310917,0.006224066390041493,0.006224066390041493,0.008924066144774591,0.0016579444372359902,0.4375,0.4375,1.0,1.0
166,rust5,Unknown,13337427806,0.241641155314164,0.04674608717971542,0.035680426892030985,0.052434180127116266,0.10012740910838298,0.07350635075462819,0.5238095238095238,0.4274361380246261,0.9997350166215778,0.5523210709967279
167,rust5,Unknown,13337427807,0.22559389358869755,0.029113721496257808,0.019230769230769232,0.03330866937632457,0.06915296087946064,0.014571540000491068,0.6041666666666666,0.8108958523345235,0.9769908090711313,0.9973766584889444
168,rust5,Unknown,13337427808,0.22441736763892606,0.032159697844924715,0.0634071690016408,0.046519465992132615,0.03920149725321312,0.03257978421014642,0.23611111111111108,0.22652092264305682,0.9999709535187633,0.9804167704945698
169,rust5,Unknown,13337427809,0.25,0.0,0.0,0.0,0.25,0.0,0.0,0.0,,
170,rust5,Unknown,13337427810,0.25,0.0,0.125,0.0,0.03125,0.0,1.0,0.0,,
171,rust5,Unknown,13337427813,0.2342857142857143,0.0,0.024390243902439025,0.0,0.017142857142857144,0.0,0.6666666666666666,0.0,,
172,rust5,UserOOBEBroker.exe,13337427809,0.3333333333333333,0.0,0.0,0.0,0.3333333333333333,0.0,0.0,0.0,,
173,rust5,WUDFHost.exe,13337427787,0.2111111111111111,0.0111111111111111,0.25,0.25,0.41555555555555557,0.30444444444444446,0.9444444444444444,0.05555555555555558,1.0,1.0
174,rust5,WUDFHost.exe,13337427788,0.24747474747474746,0.02525252525252525,0.0,0.0,0.7373737373737373,0.6262626262626263,0.38333333333333336,0.38333333333333336,1.0,1.0
175,rust5,WUDFHost.exe,13337427789,0.21040491854636592,0.07351551371958967,0.04583333333333334,0.0798218502527834,0.41011556669451404,0.3372593355713826,0.5568181818181819,0.3480316552525808,0.8571282975876018,0.7699171095507639
176,rust5,WUDFHost.exe,13337427790,0.2450980392156863,0.006932419423397527,0.1111111111111111,0.15713484026367722,0.41421568627450983,0.4142229376323164,0.5555555555555555,0.41573970964154905,0.9979487157886733,0.018229084250926637
177,rust5,WUDFHost.exe,13337427791,0.15972222222222224,0.05233734355949104,0.0,0.0,0.15972222222222224,0.07657804862272347,0.5,0.4472135954999579,0.8482443295554357,-0.47043753614038514
178,rust5,WUDFHost.exe,13337427792,0.19907407407407407,0.053591837512917705,0.0,0.0,0.12037037037037036,0.006547285010986554,0.5,0.408248290463863,0.9449111825230679,1.0
179,rust5,WUDFHost.exe,13337427793,0.2546296296296296,0.03732526735323402,0.13888888888888887,0.2022252747022366,0.17824074074074073,0.06335153788612967,0.25,0.3818813079129867,0.447213595499958,-0.33333333333333326
180,rust5,WUDFHost.exe,13337427794,0.22464440321583176,0.03979609055329381,0.10714285714285714,0.18210783977117087,0.36871263656977943,0.2917641273773099,0.6272893772893774,0.6392505511595205,0.7894271525146779,0.6402528461318285
181,rust5,WUDFHost.exe,13337427795,0.22826797385620914,0.0565359477124183,0.0,0.0,0.18251633986928106,0.05924774413943852,0.2,0.4000000000000001,0.9630261444211727,0.7589709258986453
182,rust5,WUDFHost.exe,13337427796,0.18880718954248366,0.08479128792517389,0.05,0.08660254037844388,0.12373366013071896,0.050474775946568975,0.625,0.414578098794425,0.9057952949088828,-0.16329931618554522
183,rust5,WUDFHost.exe,13337427797,0.1875,0.0625,0.0,0.0,0.125,0.0,0.0,0.0,,
184,rust5,WUDFHost.exe,13337427798,0.22792022792022792,0.06293653001246304,0.0,0.0,0.715099715099715,0.34992899963633645,0.5085470085470085,0.36417679111777257,0.5,0.9966158955401241
185,rust5,WUDFHost.exe,13337427799,0.25,0.10206207261596575,0.1111111111111111,0.15713484026367722,0.20833333333333334,0.05892556509887896,0.16666666666666666,0.23570226039551584,,
186,rust5,WUDFHost.exe,13337427800,0.19216718266253868,0.048977075676861416,0.1,0.20000000000000004,0.17092879256965945,0.056072752661553156,0.3333333333333333,0.27888667551135854,0.5971097758270127,0.7476567310414587
187,rust5,WUDFHost.exe,13337427801,0.2100777893881342,0.04314632701983418,0.1,0.2,0.17379252293045394,0.044092868026569136,0.5066666666666666,0.3309246305597562,0.8838516055555705,0.9496897173844147
188,rust5,WUDFHost.exe,13337427802,0.21613119995472937,0.055746383544076,0.016666666666666666,0.037267799624996496,0.79205005234417,1.175779307185287,1.1022618363043895,0.4108886586541557,0.9727728281423934,0.39583210989523904
189,rust5,WUDFHost.exe,13337427803,0.20280036133694668,0.025574322794746283,0.0,0.0,0.9097786811201446,0.8111436169264751,0.7435064935064934,0.17586496836299792,0.9787555306186603,0.9259335666558214
190,rust5,WUDFHost.exe,13337427804,0.2962962962962963,0.037037037037037035,0.07142857142857142,0.07142857142857142,0.962962962962963,0.8518518518518519,1.4081632653061225,0.5918367346938775,1.0,1.0
191,rust5,WUDFHost.exe,13337427805,0.3,0.0,0.0,0.0,0.2,0.0,0.5,0.0,,
192,rust5,WUDFHost.exe,13337427806,0.1875,0.0625,0.0,0.0,0.625,0.375,0.4166666666666667,0.4166666666666667,0.9999999999999999,0.9999999999999999
193,rust5,WUDFHost.exe,13337427807,0.30000000000000004,0.1,0.0,0.0,1.775,0.17499999999999993,0.7980769230769231,0.04807692307692307,1.0,0.9999999999999999
194,rust5,WUDFHost.exe,13337427808,0.26111111111111107,0.03888888888888889,0.25,0.25,0.4305555555555556,0.3194444444444444,0.36666666666666664,0.36666666666666664,1.0,1.0
195,rust5,WUDFHost.exe,13337427809,0.2791666666666667,0.054166666666666655,0.0,0.0,1.2041666666666668,0.8708333333333335,0.42771084337349397,0.42771084337349397,0.9999999999999999,1.0
196,rust5,WUDFHost.exe,13337427812,0.1526635330983157,0.035382738041339755,0.425,0.4716990566028302,0.21221112416764593,0.12271447915196948,0.55,0.45825756949558405,0.968859223850426,0.8818625331949974
197,rust5,WUDFHost.exe,13337427813,0.2511695906432749,0.012203881143104804,0.037037037037037035,0.05237828008789241,0.822514619883041,0.5329678713482364,0.7313266443701226,0.16357406353898005,0.9918238280937598,0.7441207035119903
198,rust5,cargo.exe,13337427794,0.20505507807677967,0.010357708245509812,0.021686906544431273,0.008426614523400586,0.019298203660203697,0.017191923963375686,0.2886178861788618,0.08724856385910704,0.9983520576469718,0.7723474743740487
199,rust5,cargo.exe,13337427797,0.19853963838664812,0.0,0.028021015761821366,0.0,0.017037552155771907,0.0,0.2653061224489796,0.0,,
200,rust5,cargo.exe,13337427798,0.19747215500167034,0.01142234413490839,0.0330208151419736,0.021031851129283286,0.02491367057095798,0.02045719449041985,0.33867512107153763,0.07622422499753297,0.9993932436316505,0.23046390802662048
201,rust5,cargo.exe,13337427799,0.194247955760949,0.007277925260585777,0.02814194529893633,0.013951806562522207,0.02784061155692761,0.02955079825256134,0.2054959252633671,0.08597682003059876,0.9990527467797894,0.9592542131658852
202,rust5,cargo.exe,13337427800,0.2159806955643336,0.02175325161865045,0.02903998010286442,0.03211831203966622,0.06804179667496335,0.06339320570432432,0.302935038212816,0.07933319182168493,0.9895493024885731,0.9689680932742911
203,rust5,cargo.exe,13337427801,0.20546612332883427,0.045444145308785884,0.025430816919965963,0.013739217486674055,0.06138017416575067,0.08476998763943613,0.31726260080523133,0.08521235750609635,0.9994602042989214,0.987971457511318
204,rust5,cargo.exe,13337427802,0.2091910491118676,0.002260071323128919,0.037103831840673944,0.0061624210171805265,0.020102947790041754,0.0011569731391993668,0.3611111111111111,0.10393492741038726,0.9999775627878348,0.9702628440829819
205,rust5,cargo.exe,13337427803,0.23163502055717625,0.01874245211396221,0.017123287671232876,0.01779504254351586,0.14933807598478258,0.10166888775338775,0.08260869565217391,0.0861922939199957,0.9993700443504405,0.8414711465252025
206,rust5,cargo.exe,13337427804,0.2774451097804391,0.0558882235528942,0.5202702702702703,0.4797297297297297,0.2055888223552894,0.1277445109780439,0.038461538461538464,0.038461538461538464,1.0,1.0
207,rust5,cargo.exe,13337427805,0.20631067961165048,0.0,0.03529411764705882,0.0,0.0412621359223301,0.0,0.17647058823529413,0.0,,
208,rust5,cargo.exe,13337427806,0.28745909101622,0.11909860671219417,0.017230769230769234,0.021192831209504694,0.40500545635817825,0.5578975590668492,0.17976190476190473,0.15902551885234803,0.9985816882289055,0.8451277505935183
209,rust5,cargo.exe,13337427807,0.5,0.0,0.0,0.0,0.5,0.0,0.5,0.0,,
210,rust5,cargo.exe,13337427808,0.20970873786407768,0.0,0.024691358024691357,0.0,0.025889967637540454,0.0,0.4,0.0,,
211,rust5,cmd.exe,13337427787,0.2132132132132132,0.0,0.056338028169014086,0.0,0.07507507507507508,0.0,0.28,0.0,,
212,rust5,cmd.exe,13337427788,1.0,0.0,0.0,0.0,1.0,0.0,0.0,0.0,,
213,rust5,cmd.exe,13337427789,0.21941909869749948,0.0009890645678066468,0.04600694444444445,0.009548611111111108,0.025662278563302453,0.002909150008126117,0.31785714285714284,0.03214285714285714,1.0,1.0
214,rust5,cmd.exe,13337427790,0.26543209876543206,0.06790123456790123,0.0,0.0,0.2685185185185185,0.23148148148148148,0.16666666666666666,0.16666666666666666,1.0,
215,rust5,cmd.exe,13337427791,0.19047619047619047,0.0,0.0625,0.0,0.10714285714285714,0.0,0.2222222222222222,0.0,,
216,rust5,cmd.exe,13337427793,0.1978021978021978,0.0,0.1111111111111111,0.0,0.10989010989010989,0.0,0.2,0.0,,
217,rust5,cmd.exe,13337427794,0.22438133874239352,0.012480739728314845,0.01936026936026936,0.013728540766245868,0.030448501239576292,0.004914986876466059,0.2333333333333333,0.20548046676563256,0.9994484034235563,0.9772834075896324
218,rust5,cmd.exe,13337427797,0.2152230971128609,0.0,0.024390243902439025,0.0,0.023622047244094488,0.0,0.3333333333333333,0.0,,
219,rust5,cmd.exe,13337427808,0.2608695652173913,0.0,0.0,0.0,0.043478260869565216,0.0,1.0,0.0,,
220,rust5,cmd.exe,13337427813,0.21874914414217939,0.00608259992389338,0.04143349576286758,0.010990387343624819,0.03167809547117618,0.006529293953090598,0.34074074074074073,0.0366647960615247,0.9998052872555522,0.965200501629445
221,rust5,conhost.exe,13337427787,0.19675299574797062,0.0,0.0137524557956778,0.0,0.023192887514495556,0.0,0.5833333333333334,0.0,,
222,rust5,conhost.exe,13337427788,0.29646705449602173,0.12266502232881553,0.286734693877551,0.41579973674180254,0.17754188157210826,0.19206006882491386,0.9107142857142857,0.15464739353293547,0.9999927959131664,0.998791430080276
223,rust5,conhost.exe,13337427789,0.22075276549370113,0.019732894293582645,0.06446220176566354,0.0538197378246449,0.0921313972562786,0.076940755586609,0.436091339786992,0.20933451636664197,0.9995754536938216,0.9785106424531791
224,rust5,conhost.exe,13337427790,0.2387172902843773,0.05873838790981135,0.12816547120940425,0.09981569483912611,0.16315225930200367,0.083292038276749,0.3582553475935829,0.13397186486719626,0.9999321742728849,0.9469262865161291
225,rust5,conhost.exe,13337427791,0.22818109546671111,0.05631807542098803,0.04642857142857143,0.07609741340236613,0.13268794545097437,0.054943213633869316,0.3403679653679653,0.34741524029266324,0.9858625294357027,0.8393509648353105
226,rust5,conhost.exe,13337427792,0.2191544300647088,0.0295601976751885,0.03469387755102041,0.056038898847942775,0.18557014269122282,0.06609771251992835,0.4904761904761905,0.24264696787804327,0.9799096306571651,0.8035592990998309
227,rust5,conhost.exe,13337427793,0.21663887539846616,0.05856735782168892,0.285351966873706,0.28910331658368066,0.178491417398067,0.07499582433021885,0.46869747899159664,0.30897094209708686,0.9800604642543044,0.9615202805190831
228,rust5,conhost.exe,13337427794,0.1994161146501959,0.03640664107646539,0.022067164825002816,0.0513696369720057,0.08928888991400297,0.06213464840398624,0.5523750734861846,0.25809337299701524,0.9999017898372942,0.9786855434478604
229,rust5,conhost.exe,13337427795,0.20852823509924237,0.025115093894438122,0.06944444444444443,0.10111263735111832,0.11442444113156454,0.05062428989023332,0.5416666666666666,0.3656235161413385,0.8502894965711821,0.806638192094179
230,rust5,conhost.exe,13337427796,0.20423244441101587,0.05107399107502984,0.18253968253968256,0.3395118989874196,0.14871327728470587,0.038621814715911904,0.19387755102040818,0.2249531396433531,0.876459861438635,0.8519318123906795
231,rust5,conhost.exe,13337427797,0.2121730841569918,0.02678375469027555,0.06534090909090909,0.10671386347155083,0.11503029688972119,0.08240133460781171,0.5983333333333334,0.24632295873507204,0.9999758620485958,0.9830489199230086
232,rust5,conhost.exe,13337427798,0.15810445682932475,0.04835257175105732,0.02611327280587981,0.029068871474154715,0.11589662348850521,0.06860045123838471,0.2006172839506173,0.22734996124324564,0.9999971921470406,0.9367345653331969
233,rust5,conhost.exe,13337427799,0.1971613084462395,0.007078436372300642,0.06980519480519481,0.023331234997088852,0.12766050341811425,0.017284939569885145,0.14285714285714285,0.041239304942116126,0.8850444791182882,0.7226357911690424
234,rust5,conhost.exe,13337427800,0.20955661258557762,0.016616932920491455,0.10317602074568019,0.0348780518415267,0.13368836215003646,0.053874446242847256,0.07302118171683389,0.0559722087125069,0.9989453380982354,0.9910481272723723
235,rust5,conhost.exe,13337427801,0.2080041344807671,0.05740828312515401,0.030212982153573067,0.034032231656777566,0.1008829961743802,0.11365176866698969,0.3189548546691404,0.3004120445912517,0.9992504499624466,0.9186115174726248
236,rust5,conhost.exe,13337427802,0.17512169003115266,0.03023540870254175,0.038157894736842106,0.041671283216087145,0.11123539719626169,0.15236279371427008,0.375,0.414578098794425,0.9931643037274405,-0.6363968528996722
237,rust5,conhost.exe,13337427803,0.2025580347081361,0.0033243182330403437,0.07646520146520147,0.01877289377289377,0.03961009691232815,0.010198332206445795,0.41025641025641024,0.2564102564102564,1.0,1.0
238,rust5,conhost.exe,13337427804,0.19117647058823528,0.0,0.019230769230769232,0.0,0.0661764705882353,0.0,0.16666666666666666,0.0,,
239,rust5,conhost.exe,13337427805,0.1792452830188679,0.0,0.10526315789473684,0.0,0.1320754716981132,0.0,0.07142857142857142,0.0,,
240,rust5,conhost.exe,13337427806,0.1853161871761434,0.022452227876151108,0.10033571583279184,0.18018749518063792,0.16427536318127128,0.09150196512461607,0.08441558441558443,0.13532899595100073,0.9998076836351922,0.9991552894244242
241,rust5,conhost.exe,13337427807,0.29423076923076924,0.1655522406332763,0.375,0.414578098794425,0.31346153846153846,0.14198247662524785,0.125,0.21650635094610965,-0.7856742013183862,0.43707337873812385
242,rust5,conhost.exe,13337427808,0.19314757951400738,0.0690326456269345,0.6721014492753623,0.9389896622441071,0.11012320406383867,0.08204395446265102,0.6757575757575758,0.22954420441703788,0.9999746475186888,0.9999744144166193
243,rust5,conhost.exe,13337427812,0.20480242426838788,0.011685197787690395,0.027777777777777776,0.048112522432468816,0.20347170655547306,0.03653987475433677,0.1392857142857143,0.14995747696583583,0.9949373008349868,0.8432687083163776
244,rust5,conhost.exe,13337427813,0.22733462110176994,0.03155845860793018,0.06256514102423967,0.09429327974641503,0.1048861975080626,0.09817386526717493,0.33996003045298817,0.2166149734909111,0.9997372275424602,0.97378146080973
245,rust5,csrss.exe,13337427787,0.22777777777777777,0.07222222222222222,0.0,0.0,0.14444444444444446,0.05555555555555556,0.875,0.125,0.9999999999999999,0.9999999999999999
246,rust5,csrss.exe,13337427788,0.3551587301587302,0.14683880247681264,0.0,0.0,0.5145502645502645,0.4138267204032991,0.5,0.5,0.8474489726663249,-0.24019223070763068
247,rust5,csrss.exe,13337427789,0.25288461538461543,0.13752651549187314,0.075,0.16007810593582122,0.2523031135531135,0.13029856771538864,0.6433333333333333,0.3611863169550524,0.9176008221374131,0.5159206527877516
248,rust5,csrss.exe,13337427790,0.22529761904761902,0.11990723868900774,0.08333333333333333,0.14433756729740646,0.27648809523809526,0.12057612491323884,0.875,0.7071067811865476,0.40376106931611205,0.4892195021290874
249,rust5,csrss.exe,13337427791,0.4198063840920984,0.2581795210337174,0.07142857142857142,0.17496355305594133,0.5983124018838304,0.5836768551510799,1.180952380952381,1.6054329528156557,0.8207677342949549,0.6997237510965467
250,rust5,csrss.exe,13337427792,0.16501322751322753,0.05129926540847624,0.16666666666666666,0.372677996249965,0.2564484126984127,0.10720369561665061,0.3888888888888889,0.35572912430182496,0.9763075036742055,0.42688278913848304
251,rust5,csrss.exe,13337427793,0.38015873015873014,0.1091897366471101,0.027777777777777776,0.07856742013183861,0.3412698412698413,0.16798421022632323,0.8407407407407407,0.6472692453643331,0.8699176724016802,0.7984909655181149
252,rust5,csrss.exe,13337427794,0.24690134426976534,0.07483231091445837,0.3095238095238095,0.3824375810525955,0.2901970836181363,0.08678732535005762,0.6761904761904762,0.24018133738892364,0.7822668407449571,0.08194364756494925
253,rust5,csrss.exe,13337427795,0.34735264735264737,0.19796597849397782,0.0,0.0,0.3184149184149184,0.07032412010511607,0.4880952380952381,0.2901442287369985,0.2441492074394893,0.82198529430089
254,rust5,csrss.exe,13337427796,0.25056637806637805,0.1663720371149982,0.25,0.6020797289396148,0.29758658008658007,0.054020572256384805,0.6916666666666667,0.32069802341489767,-0.01692183036077852,0.8363741567560631
255,rust5,csrss.exe,13337427797,0.24079365079365078,0.1380912241708202,0.0,0.0,0.2993650793650794,0.17656787836821783,0.9,1.0677078252031311,0.9235481451827988,0.37703695143194926
256,rust5,csrss.exe,13337427798,0.2864316239316239,0.10929664718545325,0.0625,0.16535945694153692,0.28076923076923077,0.12237882949787604,0.7291666666666666,0.7990337046152128,0.9953983967060637,0.6752366703136486
257,rust5,csrss.exe,13337427799,0.3583333333333333,0.0816496580927726,0.4666666666666666,0.4521553322083512,0.3083333333333333,0.1224744871391589,0.6,0.48989794855663565,0.9534625892455921,
258,rust5,csrss.exe,13337427800,0.3253968253968254,0.145910923101986,0.3333333333333333,0.4714045207910317,0.4365079365079365,0.21850634758628895,0.5,0.408248290463863,-0.2773500981126146,-0.9707253433941512
259,rust5,csrss.exe,13337427801,0.3738851316875864,0.18729903632099934,0.03240740740740741,0.0780199053071885,0.32297319863070884,0.2612468791173391,0.4074074074074074,0.6625386599999377,0.9848690526831128,0.7796193997897537
260,rust5,csrss.exe,13337427802,0.3795634920634921,0.22753196251457605,0.0,0.0,0.4962301587301587,0.22885070639520932,0.25,0.5590169943749475,-0.04125099905973162,0.03498557142706598
261,rust5,csrss.exe,13337427803,0.23750000000000002,0.08385254915624213,0.35714285714285715,0.45736601695948914,0.2619047619047619,0.11440965501651394,0.4166666666666667,0.44876373392787533,0.9457324874869208,0.32302914123489934
262,rust5,csrss.exe,13337427804,0.6082375478927203,0.5127322255136934,0.0,0.0,0.22892720306513406,0.09502572279874257,0.8888888888888888,0.15713484026367724,0.8485552916276634,0.9994237971287663
263,rust5,csrss.exe,13337427805,0.2777777777777778,0.15214515486254615,0.0,0.0,0.4583333333333333,0.32004773949452536,0.0,0.0,,0.5504818825631802
264,rust5,csrss.exe,13337427806,0.43809523809523815,0.2956985656430481,0.1,0.20000000000000004,0.2952380952380952,0.13685817012571347,0.3,0.39999999999999997,0.8486929481736729,0.5917571482513919
265,rust5,csrss.exe,13337427807,0.4333333333333333,0.08164965809277261,0.0,0.0,0.32222222222222224,0.1625415426480866,0.2,0.4,0.9279607271383371,
266,rust5,csrss.exe,13337427808,0.29374999999999996,0.06650370708130153,0.0,0.0,0.29791666666666666,0.21508840236826654,0.5,0.8660254037844386,0.9414432103634757,0.646329930041503
267,rust5,csrss.exe,13337427809,0.20416666666666666,0.02975595178559521,0.0,0.0,0.4208333333333333,0.2032291399709533,0.3333333333333333,0.408248290463863,,-0.5
268,rust5,csrss.exe,13337427810,0.46904761904761905,0.3377597262153397,0.0,0.0,0.4095238095238095,0.16277775842987818,0.5714285714285714,0.6776309271789385,-0.8606629658238703,0.0430331482911935
269,rust5,csrss.exe,13337427811,0.45,0.14529663145135577,0.0,0.0,0.5333333333333333,0.24494897427831783,0.9,0.66332495807108,0.1336306209562122,0.21821789023599233
270,rust5,csrss.exe,13337427812,0.3051754913647497,0.18709803094428423,0.24074074074074073,0.24982847339318595,0.25959520098480027,0.10350337476956327,0.5722222222222223,0.3794082461991972,0.2803210959154001,0.501852649926969
271,rust5,csrss.exe,13337427813,0.21267316017316018,0.036105626820663865,0.17045454545454547,0.20422955404103896,0.10332251082251082,0.016424660457657603,0.43333333333333335,0.33166247903553997,0.9515770213822534,0.8449049099068254
272,rust5,ctfmon.exe,13337427788,0.22916666666666666,0.10416666666666666,0.5,0.5,0.2708333333333333,0.10416666666666667,0.0,0.0,-0.9999999999999999,0.9999999999999999
273,rust5,ctfmon.exe,13337427789,0.20145924409194205,0.026211807049054306,0.19277713331541826,0.36109814738257257,0.04565452903381037,0.04431808685038229,0.15773153309385196,0.07668746529828073,0.9999811604793506,0.6758552058747026
274,rust5,ctfmon.exe,13337427790,0.20555555555555557,0.03424674446093876,0.3333333333333333,0.4714045207910317,0.20555555555555557,0.03424674446093876,0.3333333333333333,0.4714045207910317,,
275,rust5,ctfmon.exe,13337427812,0.22661327485658897,0.01581096756765346,0.012437810945273632,0.012437810945273632,0.07135592951009836,0.04985619170202285,0.10975609756097561,0.10975609756097561,1.0,0.9999999999999999
276,rust5,ctfmon.exe,13337427813,0.2380226947156081,0.033764791705973296,0.016495487083722376,0.013729688764464846,0.10944232204074723,0.12464636217625359,0.11861861861861862,0.08437850641577849,0.9999893257327265,0.9981148916545264
277,rust5,dllhost.exe,13337427801,0.21428571428571427,0.0,0.3333333333333333,0.0,0.14285714285714285,0.0,0.5,0.0,,
278,rust5,dllhost.exe,13337427802,0.24483506807962016,0.0204031155249736,0.09577922077922078,0.08026553657322381,0.127777253685244,0.05892860797558784,0.6142857142857142,0.6267289012374158,0.9994454811100146,0.9727125406397182
279,rust5,dllhost.exe,13337427803,0.27295081967213114,0.02704918032786885,0.06666666666666667,0.0,0.1314754098360656,0.008524590163934434,0.1380952380952381,0.004761904761904759,1.0,1.0
280,rust5,dllhost.exe,13337427804,0.22934662236987818,0.027796234772978948,0.08440170940170941,0.026709401709401705,0.1709856035437431,0.0004429678848283519,0.11742424242424242,0.04924242424242424,1.0,1.0
281,rust5,dllhost.exe,13337427807,0.22775953162930174,0.0062830215621876295,0.10606060606060606,0.045454545454545456,0.14158217906611453,0.007353991146651431,0.3666666666666667,0.033333333333333354,,-0.9999999999999999
282,rust5,dllhost.exe,13337427809,0.2024587691069992,0.007768503620273537,0.21314496314496315,0.10503685503685503,0.21857401448109415,0.002664923572003222,0.04631578947368421,0.006315789473684209,1.0,1.0
283,rust5,dwm.exe,13337427787,0.12377161954652657,0.0595344360999546,0.028846153846153848,0.028846153846153848,0.030773577676709372,0.0035963077570058486,0.5016233766233766,0.06980519480519479,-1.0,1.0
284,rust5,dwm.exe,13337427788,0.18773006119279798,0.062202285611092666,0.20195545195545195,0.2177101798285048,0.12327458440494332,0.08009504108295461,0.4666892502258356,0.4226712804087773,0.915057861928222,0.9853769638422537
285,rust5,dwm.exe,13337427789,0.15246928033074297,0.039818180851062236,0.03375754991612053,0.028984059180932276,0.0690095421751154,0.055070147789818696,0.6178330880436143,0.4849052222613817,0.9845785099126242,0.9652978784585379
286,rust5,dwm.exe,13337427790,0.2166318782202524,0.08412599417752244,0.1459077380952381,0.2094391226436694,0.16164926127620832,0.0850322191172545,0.6092948717948719,0.21041538509969634,0.9506083104444983,0.7896005083272396
287,rust5,dwm.exe,13337427791,0.20750098911474502,0.01781034831458312,0.09703548085901027,0.07007936958897416,0.11922976649127688,0.04193468190841113,0.5183261183261184,0.1878517712203577,0.99915465008054,0.870546358094772
288,rust5,dwm.exe,13337427792,0.19967731504793498,0.028617582206703393,0.0854325985904933,0.06730402546694188,0.12272655167533873,0.03286176958234589,0.7098214285714285,0.26843934742935754,0.9665465679055084,0.9287081948650705
289,rust5,dwm.exe,13337427793,0.2047606524626418,0.029537222138291047,0.08114801864801864,0.09650726178706756,0.11999073189465388,0.028822882151193465,0.6219576719576719,0.4063732752323918,0.944463505075502,0.8373974793155263
290,rust5,dwm.exe,13337427794,0.17099152140780785,0.07074992160975088,0.07715818510021408,0.14384663029278186,0.10773878150911657,0.060396557452972566,0.4910686331212647,0.1984116630014713,0.9442213941947789,0.9641872319748268
291,rust5,dwm.exe,13337427795,0.21869252754378998,0.04020952110683268,0.1380052364588447,0.19905838286130068,0.11340654978175636,0.03728298316957623,0.5922657952069716,0.28736425768153284,0.9989246541774905,0.839277916061523
292,rust5,dwm.exe,13337427796,0.29571546370472807,0.2673825285792469,0.042293233082706765,0.06049449263817329,0.23473324044164628,0.29213434106836594,0.506060606060606,0.30998459631744013,0.9861482216586002,0.8496283688651568
293,rust5,dwm.exe,13337427797,0.3488471708090957,0.32871505308283633,0.03767032967032967,0.0332383269503251,0.28902168164992065,0.3594922101236835,0.4583333333333333,0.39616214413349043,0.995048207875815,0.7400002126437698
294,rust5,dwm.exe,13337427798,0.09861767045855381,0.06175289039667778,0.03440350499174028,0.01957231021893975,0.02018831554840118,0.006008311431383342,0.4761904761904761,0.1401866804179023,-0.875095168935533,-0.15149950557832906
295,rust5,dwm.exe,13337427799,0.4429286374451851,0.3948024281099054,0.07936507936507936,0.07543162661049341,0.40286053264638594,0.4223838893639023,0.30952380952380953,0.307168234462873,0.9405231157193299,0.969295214314051
296,rust5,dwm.exe,13337427800,0.1716192667977354,0.015529918328225202,0.06616161616161617,0.03932913602814502,0.0793729517882269,0.010659688464597118,0.6051948051948053,0.22688939017701837,0.9464331400305727,0.6466591264273392
297,rust5,dwm.exe,13337427801,0.20385934312373932,0.12352435553720036,0.05066964285714286,0.049156214208758,0.109658424475286,0.10117299142025783,0.4083333333333333,0.3218268647335047,0.9763008632471697,0.9774360156231283
298,rust5,dwm.exe,13337427802,0.1373189082030966,0.03519869037145228,0.09027775130873533,0.057149424728144715,0.04412107334549618,0.019592484021062263,0.5345350543896406,0.1847225750770029,0.9913178247243163,0.9955496835556787
299,rust5,dwm.exe,13337427803,0.1596935362485697,0.08738419987278143,0.023430208590980293,0.026092331292355442,0.04756314463069997,0.03367494802375197,0.3736786469344609,0.2597806861447122,0.9488550688688699,0.9773382473884654
300,rust5,dwm.exe,13337427804,0.15982983219097113,0.05617544995143808,0.09523809523809523,0.18220744861705443,0.12171730079992728,0.10863905995902011,0.6619259259259259,0.6895436155931056,0.9998987460404423,0.998843910719762
301,rust5,dwm.exe,13337427805,0.326530612244898,0.17346938775510204,0.03333333333333333,0.03333333333333333,0.2857142857142857,0.2142857142857143,0.21428571428571427,0.21428571428571427,1.0,1.0
302,rust5,dwm.exe,13337427806,0.3243463276901313,0.2720140555524276,0.09145501506672407,0.16720438882927213,0.25788183651290486,0.3047684187310275,0.2947916666666667,0.34758435976432794,0.7949929656981302,0.958278008280259
303,rust5,dwm.exe,13337427807,0.25572500509670626,0.18782501885010222,0.26032329988851727,0.4271503163070175,0.2888562670083783,0.4130248341645992,0.7039734688817257,0.7715827574077896,0.9055760973243827,0.9529867149144537
304,rust5,dwm.exe,13337427808,0.21478595535780692,0.0759780675978023,0.2153951890034364,0.2334845983937366,0.1574808679805154,0.1756009783220833,0.312531328320802,0.27643735355799054,0.9994427284561097,0.9928188327161969
305,rust5,dwm.exe,13337427809,0.21772504061359635,0.20076850348943273,0.01322023241576721,0.009600379588863698,0.17649010252708405,0.22877192922785028,0.3073276258860352,0.24443103371717065,0.8436290751436216,0.9267541288171601
306,rust5,dwm.exe,13337427810,0.29166666666666663,0.04166666666666666,0.0,0.0,0.2361111111111111,0.013888888888888895,0.25,0.25,0.9999999999999999,
307,rust5,dwm.exe,13337427811,0.4652777777777778,0.3387152332849222,0.0,0.0,0.4652777777777778,0.3387152332849222,0.5,0.5,0.4898979485566357,0.4898979485566357
308,rust5,dwm.exe,13337427812,0.19893873083828134,0.04278351844767888,0.05930414913046478,0.04383956699718259,0.11681329700997914,0.050724115896144915,0.7314221272554606,0.22083703149531422,0.9973167651598844,0.9210058497087432
309,rust5,dwm.exe,13337427813,0.16290434535695666,0.0642359119802595,0.03116904436193082,0.035825377447254905,0.07252359315473372,0.05772064533848193,0.5440775193798449,0.10978364090166996,0.9445992682107419,0.9495633479462495
310,rust5,explorer.exe,13337427787,0.21752525709000292,0.007990889019049485,0.027908189880020865,0.00912884715701617,0.02037557853320484,0.0029060179191233177,0.49783549783549785,0.07359307359307357,1.0,1.0
311,rust5,explorer.exe,13337427788,0.24013024592117085,0.02480132696275398,0.026678612180858652,0.015816214156985472,0.10638172605975496,0.1617043735857189,0.2661111111111111,0.16250735975736189,0.9992699332891661,0.9642435920477177
312,rust5,explorer.exe,13337427789,0.2738680303698673,0.11105511261523555,0.04255573510158887,0.04210271229182618,0.14482381342282452,0.15547908314374229,0.35940064766151725,0.26176278060887415,0.9990214865991482,0.994047942360272
313,rust5,explorer.exe,13337427790,0.2511904761904762,0.08242704463387504,0.0,0.0,0.2119047619047619,0.035315230890931734,0.42857142857142855,0.3194382824999699,0.5718422759089664,0.8249424200024323
314,rust5,explorer.exe,13337427791,0.34158415841584155,0.15841584158415842,0.006756756756756757,0.006756756756756757,0.2561881188118812,0.2438118811881188,0.6,0.6,1.0,0.9999999999999999
315,rust5,explorer.exe,13337427792,0.2406896551724138,0.0006896551724138028,0.023809523809523808,0.023809523809523808,0.10574712643678161,0.0942528735632184,1.5,0.5,1.0,-1.0
316,rust5,explorer.exe,13337427793,0.3333333333333333,0.0,0.0,0.0,0.3333333333333333,0.0,0.0,0.0,,
317,rust5,explorer.exe,13337427794,0.2093024992483178,0.019208007907570223,0.04751337551337551,0.029567992220876103,0.08311419673276106,0.08865286567777847,0.4207142857142857,0.22918518787246278,0.9909029661467474,-0.49876730173669165
318,rust5,explorer.exe,13337427795,0.21877496231641014,0.012347273812083809,0.047088134200912256,0.012792105320045828,0.03914581112670195,0.005353570826326481,0.28240740740740744,0.023148148148148168,1.0,1.0
319,rust5,explorer.exe,13337427796,0.2311658249158249,0.1168778792127028,0.0,0.0,0.2410563973063973,0.09376109987307524,0.5277777777777778,0.24374901076089228,0.7573172464461022,0.7926618847951384
320,rust5,explorer.exe,13337427797,0.22923744610674704,0.045091944213454645,0.01098901098901099,0.026917469700914045,0.2588716079597538,0.09830487205605977,0.5952380952380952,0.47020042043170235,0.9944855738513666,0.9066232434298986
321,rust5,explorer.exe,13337427798,0.19436274509803922,0.005637254901960792,0.01948051948051948,0.01948051948051948,0.11102941176470589,0.08897058823529412,0.2222222222222222,0.2222222222222222,0.9999999999999999,0.9999999999999999
322,rust5,explorer.exe,13337427799,0.24720380194518127,0.013140031001376918,0.026785714285714284,0.046394218059880636,0.1575209991158267,0.10294911525901766,0.5954545454545455,0.4045965238449757,0.9998545299284247,0.9317345373455451
323,rust5,explorer.exe,13337427800,0.225792141406492,0.02102514305473217,0.007412398921832884,0.012838651538583322,0.11839394513097656,0.08343737109776397,0.41964285714285715,0.37996290769559304,0.9999989260563705,0.9996059574696685
324,rust5,explorer.exe,13337427801,0.2283022573468735,0.04135173966208071,0.024283972344036505,0.015633611262335614,0.043656448164823815,0.0734157149330406,0.25759310264719637,0.16404110099539504,0.915123736024374,0.6276108086218682
325,rust5,explorer.exe,13337427802,0.20394492529612276,0.02051718768061007,0.033334497936728255,0.023942586468904476,0.04696089652626987,0.055263119461028375,0.47499030238913864,0.260198627629288,0.995225335229821,0.9340847259849022
326,rust5,explorer.exe,13337427803,0.2101089131901875,0.01783072168028708,0.0270784969804812,0.029483547081951927,0.07400826725891053,0.047717851665330664,0.4217879006026333,0.3451535075525784,0.999886163838347,0.9952003938318015
327,rust5,explorer.exe,13337427804,0.23162280664694088,0.02842888846678755,0.02599604508446737,0.026684494560300826,0.06277462030769895,0.06694995636534841,0.19304501671262536,0.12627285576199213,0.9965499181562791,0.844375211242205
328,rust5,explorer.exe,13337427805,0.23608538973756366,0.013734732005719289,0.030556552962298023,0.03528489833589479,0.11383235409322366,0.10199450747655156,0.33809523809523806,0.03321976116897833,0.9999975049855536,0.9299780456184554
329,rust5,explorer.exe,13337427806,0.22914570786534436,0.022316697357448533,0.025491908185862052,0.022782412057520875,0.06549533743221174,0.056898176339157495,0.36482846628679966,0.36302239916810536,0.9999827690915902,0.8189867417098826
330,rust5,explorer.exe,13337427807,0.21770012760907706,0.02653977174925825,0.07149497558255281,0.10955638224151625,0.11263902638809961,0.10407707945081379,0.43610281433682596,0.371515716571089,0.9998631670606271,0.9997351902716289
331,rust5,explorer.exe,13337427808,0.21460301742863597,0.032320554552736906,0.09124169457785396,0.12070772544471661,0.11533940474208847,0.07279786990748711,0.28318815331010455,0.32121124726833755,0.9999417627808457,0.9922477954404785
332,rust5,explorer.exe,13337427809,0.25218522715359476,0.12846756911534454,0.02854837527187416,0.03044628415664871,0.15267196483990023,0.1780291021543944,0.3581144781144781,0.33748537102114223,0.9999683803049882,0.9998986801275997
333,rust5,explorer.exe,13337427810,0.25,0.0,0.0,0.0,0.25,0.0,0.3333333333333333,0.0,,
334,rust5,explorer.exe,13337427811,0.18586387434554974,0.0,0.0,0.0,0.013089005235602094,0.0,1.0,0.0,,
335,rust5,explorer.exe,13337427812,0.24874469720309417,0.05464438665918641,0.07750143540219766,0.150315029463979,0.10105793204861119,0.15189853707001172,0.3600612229960056,0.2989967849257896,0.998742182862391,0.8933820922393348
336,rust5,explorer.exe,13337427813,0.29040288358539895,0.10964851307175556,0.024283542230137307,0.020577165727960426,0.15131516532206718,0.1762540746804859,0.16685036130475345,0.1786501360085986,0.9998041765697507,0.9261352707630796
337,rust5,fontdrvhost.exe,13337427789,0.2,0.0,0.0,0.0,0.05,0.0,0.0,0.0,,
338,rust5,fontdrvhost.exe,13337427813,0.10714285714285714,0.03571428571428571,0.0,0.0,0.25,0.03571428571428571,0.0,0.0,,1.0
339,rust5,lsass.exe,13337427798,0.17471455302249206,0.011331958605414902,0.010050251256281407,0.010050251256281407,0.02818192232787261,0.018329705579104134,0.7083333333333334,0.2916666666666667,1.0,1.0
340,rust5,lsass.exe,13337427800,0.14395951689490968,0.03698306798552573,0.13918650793650794,0.20865118892866494,0.050961196125164934,0.03841422702802537,0.5,0.3535533905932738,0.9977203582787099,0.9688864789451834
341,rust5,lsass.exe,13337427801,0.19863013698630136,0.0,0.06896551724137931,0.0,0.0410958904109589,0.0,0.16666666666666666,0.0,,
342,rust5,lsass.exe,13337427803,0.1724137931034483,0.0,0.1,0.0,0.017241379310344827,0.0,0.0,0.0,,
343,rust5,lsass.exe,13337427804,0.3595890410958904,0.1404109589041096,0.015625,0.015625,0.1386986301369863,0.1113013698630137,0.25,0.25,1.0,1.0
344,rust5,lsass.exe,13337427806,0.1909722222222222,0.024305555555555566,0.016129032258064516,0.016129032258064516,0.18055555555555555,0.1527777777777778,0.375,0.125,0.9999999999999998,0.9999999999999999
345,rust5,lsass.exe,13337427808,0.21212121212121213,0.0,0.2857142857142857,0.0,0.09090909090909091,0.0,0.0,0.0,,
346,rust5,lsass.exe,13337427809,0.23376623376623376,0.05194805194805194,0.05,0.05,0.15194805194805194,0.13376623376623376,0.25,0.25,1.0,-1.0
347,rust5,lsass.exe,13337427813,0.17877906976744184,0.05377906976744186,0.05,0.05,0.08575581395348837,0.03924418604651163,0.75,0.75,1.0,0.9999999999999999
348,rust5,rdpclip.exe,13337427787,0.2857142857142857,0.0,0.5,0.0,0.2857142857142857,0.0,0.5,0.0,,
349,rust5,rdpclip.exe,13337427788,0.4551515151515152,0.29122709891164983,0.0,0.0,0.5335353535353535,0.2608974958024476,0.0,0.0,0.9906590127299635,0.9085408238331553
350,rust5,rdpclip.exe,13337427789,0.388667019640471,0.3108074697924498,0.1034313725490196,0.1238596581512297,0.36590777298741906,0.3364272551385657,0.04318181818181818,0.05397428221380871,0.973884396721538,0.6268318873822798
351,rust5,rdpclip.exe,13337427790,0.5,0.0,0.0,0.0,0.5,0.0,0.0,0.0,,
352,rust5,rdpclip.exe,13337427792,1.0,0.0,0.0,0.0,1.0,0.0,0.0,0.0,,
353,rust5,rdpclip.exe,13337427795,0.20726495726495725,0.014957264957264946,0.35,0.15,0.31837606837606836,0.12606837606837604,0.0,0.0,1.0,1.0
354,rust5,rdpclip.exe,13337427797,0.5,0.0,0.0,0.0,0.5,0.0,0.0,0.0,,
355,rust5,rdpclip.exe,13337427798,0.5,0.0,0.0,0.0,0.5,0.0,0.0,0.0,,
356,rust5,rdpclip.exe,13337427800,0.3333333333333333,0.0,0.0,0.0,0.3333333333333333,0.0,1.0,0.0,,
357,rust5,rdpclip.exe,13337427801,0.25,0.0,0.3333333333333333,0.0,0.041666666666666664,0.0,0.0,0.0,,
358,rust5,rdpclip.exe,13337427802,0.25,0.0,1.0,0.0,0.25,0.0,1.0,0.0,,
359,rust5,rdpclip.exe,13337427803,0.19375,0.0062500000000000056,0.0,0.0,0.25625,0.056249999999999994,0.0,0.0,0.9999999999999999,1.0
360,rust5,rdpclip.exe,13337427804,0.1865079365079365,0.045935860725358046,0.05555555555555555,0.07856742013183861,0.22817460317460317,0.07901709425293602,0.06666666666666667,0.09428090415820635,0.9987777546868616,0.9576669742533387
361,rust5,rdpclip.exe,13337427806,0.5,0.0,0.0,0.0,0.5,0.0,1.0,0.0,,
362,rust5,rdpclip.exe,13337427807,0.35344827586206895,0.14655172413793102,0.08333333333333333,0.08333333333333333,0.35344827586206895,0.14655172413793102,0.0,0.0,0.9999999999999999,0.9999999999999999
363,rust5,rdpclip.exe,13337427809,0.2631578947368421,0.0,0.0,0.0,0.2631578947368421,0.0,0.0,0.0,,
364,rust5,rdpclip.exe,13337427812,0.28968253968253965,0.11521612016633313,0.375,0.414578098794425,0.3928571428571428,0.18860689902089117,0.0,0.0,-0.6488856845230502,-0.15789473684210528
365,rust5,rdpclip.exe,13337427813,0.2971014492753623,0.03623188405797101,0.08333333333333333,0.08333333333333333,0.19202898550724637,0.025362318840579712,0.1,0.1,1.0,1.0
366,rust5,rustc.exe,13337427798,0.21623474564651035,0.0005484711367064188,0.06158357771260997,0.02932551319648094,0.022138808903514787,0.0025309657662598833,0.6299212598425197,0.3700787401574803,1.0,1.0
367,rust5,rustc.exe,13337427801,0.19370021718545505,0.010818167005120562,0.028420306113175673,0.0031859763078088844,0.014307012384638015,0.002169730327198902,0.2864088592953379,0.028553305237254304,0.9813683272987876,0.8383960773587037
368,rust5,rustc.exe,13337427802,0.19076184048621492,0.013027276457505396,0.02265425199317447,0.009154614055583031,0.01104834525850954,0.004404350011747677,0.2929519738574396,0.08720478395258209,0.9982661399539788,0.8534791055593742
369,rust5,rustc.exe,13337427803,0.18604475455193198,0.007046678723619497,0.018641224995716445,0.009142014611538957,0.01194245568423104,0.0040850880158878715,0.3485916376774707,0.11416048300768827,0.9829696083141839,-0.11886085227686673
370,rust5,rustc.exe,13337427804,0.17769356855017965,0.0073772475794540975,0.013242860051456215,0.005403782466680557,0.008755670849859381,0.0038080515358645786,0.3189109715774615,0.07403862872331206,0.9933247345352734,0.6346470458434553
371,rust5,rustc.exe,13337427805,0.17209384544611764,0.008776453932377698,0.01609284574762974,0.006042102421177808,0.009133891202565626,0.004380369429396789,0.3007388566029334,0.08683693526067336,0.986466045722102,0.6301648772295423
372,rust5,rustc.exe,13337427806,0.19029130500216687,0.011481313922544022,0.030244667809989755,0.0058814075858298585,0.01571704993329566,0.003325734463208857,0.24422784538312253,0.028906617004723526,0.9986756109621376,0.9930079465605985
373,rust5,rustc.exe,13337427807,0.19945913846743613,0.00994734853229462,0.029802129825828787,0.002951318155102188,0.014334382133388654,0.002095314047058668,0.27461816359856733,0.05596437836075405,0.9997902541941737,0.9894405069577793
374,rust5,rustc.exe,13337427808,0.1942675557149163,0.005517740728927095,0.017590272965784807,0.007473241871446118,0.008174642122557042,0.002967012451610862,0.40911215861710915,0.13594163131279915,0.9999968851779125,0.9978266992196403
375,rust5,sc.exe,13337427787,0.21578947368421053,0.0,0.04878048780487805,0.0,0.03859649122807018,0.0,0.3181818181818182,0.0,,
376,rust5,sc.exe,13337427813,0.22641509433962265,0.0,0.041666666666666664,0.0,0.035849056603773584,0.0,0.3157894736842105,0.0,,
377,rust5,services.exe,13337427787,0.2413793103448276,0.0,0.0,0.0,0.10344827586206896,0.0,0.3333333333333333,0.0,,
378,rust5,services.exe,13337427788,0.5,0.0,0.0,0.0,0.25,0.0,0.0,0.0,,
379,rust5,services.exe,13337427794,0.2857142857142857,0.0,0.0,0.0,0.42857142857142855,0.0,0.0,0.0,,
380,rust5,services.exe,13337427808,0.18181818181818182,0.0,0.0,0.0,0.18181818181818182,0.0,0.5,0.0,,
381,rust5,services.exe,13337427813,0.22093871041239463,0.0012417407154249327,0.019954489760196044,0.0030340159869303926,0.017031214399635453,0.013271815903394851,0.425,0.175,1.0,-1.0
382,rust5,sihost.exe,13337427789,0.29699248120300753,0.1613478476231198,0.16666666666666666,0.23570226039551584,0.27652464494569756,0.05055510533135261,0.0,0.0,-0.5586608191273355,0.9976086055845278
383,rust5,sihost.exe,13337427811,0.3333333333333333,0.0,0.0,0.0,0.3333333333333333,0.0,0.0,0.0,,
384,rust5,sihost.exe,13337427812,0.2303921568627451,0.06372549019607844,0.0,0.0,0.2892156862745098,0.12254901960784313,0.5,0.5,1.0,1.0
385,rust5,sihost.exe,13337427813,0.2727272727272727,0.0,0.3333333333333333,0.0,0.2727272727272727,0.0,0.0,0.0,,
386,rust5,smartscreen.exe,13337427789,0.18518518518518517,0.0,0.2,0.0,0.1111111111111111,0.0,0.3333333333333333,0.0,,
387,rust5,smartscreen.exe,13337427813,0.17857142857142858,0.0,0.2,0.0,0.21428571428571427,0.0,0.16666666666666666,0.0,,
388,rust5,svchost.exe,13337427787,0.19509048550674882,0.002711712295448976,0.03692690861034868,0.01862864694520687,0.03534316603048452,0.030590899903581416,0.43518518518518523,0.10185185185185189,1.0,1.0
389,rust5,svchost.exe,13337427788,0.1991583129194299,0.012826404070276248,0.055362568777202935,0.07323145665210909,0.054994162414640224,0.05078670575074473,0.4682539682539682,0.2836121965905657,0.9999974706935324,0.996034647791973
390,rust5,svchost.exe,13337427789,0.20733949008127656,0.006514096014806712,0.04709891252380467,0.03171065171398572,0.04151208576234507,0.02365121727062311,0.37251380706579135,0.10590606768700546,0.9999418388550015,0.9903829790414149
391,rust5,svchost.exe,13337427790,0.2503976323625535,0.05531448037500043,0.023725307893389388,0.03926110589484646,0.1612887072791282,0.1497649176028353,0.4642857142857143,0.3145201146100692,0.9810603755144072,0.9741524897860394
392,rust5,svchost.exe,13337427791,0.22666744845364714,0.023377604694962025,0.10444444444444445,0.005443310539518168,0.09784973181854556,0.04231816824368592,0.5928571428571429,0.19769075004425785,0.9787656348587496,0.3881114051622581
393,rust5,svchost.exe,13337427792,0.2610074799150429,0.0995963548215163,0.03246753246753247,0.06295688126514713,0.21933990379368534,0.1582893982288121,0.761904761904762,0.5047955963598617,0.9925675084161811,0.9239465291760212
394,rust5,svchost.exe,13337427793,0.2585403927232044,0.09286959160613406,0.045585664335664335,0.07969591884492547,0.11017748719067412,0.07190551837855796,0.8308035714285713,0.45050143606742205,0.9998475917018902,0.25834248546744326
395,rust5,svchost.exe,13337427794,0.25702833618249254,0.051823981281428996,0.0386733692977539,0.04869915870917351,0.1049164108387225,0.07020412675489558,0.6042464878671775,0.5224194091450148,0.9963230966871629,0.9768623217821436
396,rust5,svchost.exe,13337427795,0.23522896390036793,0.04887138865214847,0.05375982042648709,0.0653816416388123,0.14626876320589402,0.09009228053361307,0.7563131313131312,0.6705924452525794,0.9873734347642066,0.9971432348440069
397,rust5,svchost.exe,13337427796,0.3542928015373151,0.2623919188113959,0.062119355317884734,0.07571482023923709,0.19668463362678068,0.17629529079325235,0.59375,0.4318835925339142,0.993478598537448,0.9778217807775912
398,rust5,svchost.exe,13337427797,0.21116488721453902,0.013368886551558788,0.12783319479080077,0.0850963952567636,0.06506355680585338,0.03764216393763251,0.7291666666666666,0.18042195912175804,0.99999966480663,0.8772519023815883
399,rust5,svchost.exe,13337427798,0.2120235777457832,0.06567748486986594,0.12003112600506109,0.19021457255925744,0.03159871784963832,0.02152171053456447,0.395414673046252,0.21299576284981503,0.9843004319722348,0.39352256705243915
400,rust5,svchost.exe,13337427799,0.22318872676015533,0.013117969880009935,0.027257527483567266,0.02202686869895905,0.03638283638283638,0.012040999397524607,0.5924603174603175,0.07875459650168753,0.9966350409074525,0.12792238762430194
401,rust5,svchost.exe,13337427800,0.2173491180048549,0.033817724748161276,0.034531241004985835,0.02431469931107877,0.05432465190718641,0.03750947452492556,0.8065476190476191,0.4933209659003207,0.9997332317667965,0.3504441147850493
402,rust5,svchost.exe,13337427801,0.22527408918488231,0.05874076172107889,0.029140915049767565,0.01264236302911396,0.02567112085993185,0.03805249829004006,0.4953792735042735,0.3116032303716596,0.9903731605602527,0.3373306133067933
403,rust5,svchost.exe,13337427802,0.2146585335499613,0.02513697525690375,0.020891280822683357,0.008655575309520151,0.014530096597015202,0.016485504125790522,0.6580191798941799,0.2576925903532955,0.9849787822510422,0.9276060567636667
404,rust5,svchost.exe,13337427803,0.24633918327838025,0.054624826187517184,0.029810943625703377,0.0212596735642899,0.024780098622910383,0.018837883485607092,0.571028971028971,0.09227322057686053,0.9586463141009227,0.7584275632766847
405,rust5,svchost.exe,13337427804,0.2215299958798323,0.048612818056844885,0.06370488228567353,0.10451640704342013,0.05275409595867539,0.04593797772846577,0.48430817180817176,0.2833118164601753,0.9640465809824192,0.8450773963638316
406,rust5,svchost.exe,13337427805,0.18431559247463636,0.02965523123483117,0.035801118405057133,0.03501737740359704,0.07232090415266697,0.056737000992444046,0.7592592592592592,0.20454372254050482,0.9999980627233126,0.9355169762134546
407,rust5,svchost.exe,13337427806,0.2980059240796212,0.25632189894077595,0.020864646819753082,0.017167679794803974,0.13731153713093772,0.3083865507041101,0.4943562610229276,0.3058641435046894,0.9902052571853902,0.25917646738813765
408,rust5,svchost.exe,13337427807,0.25525301810445966,0.05879945763589436,0.05675086725582047,0.05715012502552504,0.031220363229391396,0.019795915629139113,0.5543269230769231,0.12769560207752192,0.9992530033832638,0.972443009834991
409,rust5,svchost.exe,13337427808,0.23847312043730126,0.07778001000166224,0.1344608500911795,0.1129731635182204,0.1045574876339116,0.10148396462977348,0.3569444444444444,0.20829166249916645,0.9988582663661478,0.8184041661437369
410,rust5,svchost.exe,13337427809,0.22347600550072694,0.07581479010520017,0.030027219855278287,0.027848890620976938,0.040342846352531526,0.01932059265338022,0.6160714285714286,0.2916514816260906,0.9988376276615369,0.9920715894136665
411,rust5,svchost.exe,13337427810,0.2132328244961285,0.017915096172624833,0.012138713871387138,0.012535487919107476,0.09450214583106058,0.09573162688292179,0.5555555555555555,0.35572912430182496,0.9995502213406493,0.46237737422189856
412,rust5,svchost.exe,13337427811,0.2713095870990608,0.06532852816614408,0.025641025641025644,0.03626188621469475,0.16391990076200602,0.056350217320720875,0.6333333333333333,0.26246692913372704,0.9909459500627951,0.9993216505720214
413,rust5,svchost.exe,13337427812,0.2188234430705019,0.08585617733953466,0.030340838341447914,0.04053118731997419,0.1744192422865497,0.15532591203417298,0.6096546863988724,0.5696898300305213,0.9991686343641969,0.9941353918037312
414,rust5,svchost.exe,13337427813,0.22267578296194612,0.011692252534151647,0.03770390248991524,0.02584196226731968,0.03587323100481575,0.014249712300934332,0.4420507785456239,0.1584969084376674,0.9990041897738121,0.974971798195721
415,rust5,taskhostw.exe,13337427813,0.2,0.0,0.0,0.0,0.2,0.0,0.3333333333333333,0.0,,
416,rust5,wpr.exe,13337427787,0.20937190249755055,0.0017554767118198727,0.014528624301729489,0.002045961333629627,0.00872196230212512,0.0009132751376546462,0.43065476190476193,0.0931547619047619,1.0,1.0
417,rust5,wpr.exe,13337427813,0.21405214074721363,0.002487479500217641,0.018844094429852156,0.005889235149834741,0.009355805220095888,0.004102031381986658,0.38785958773990414,0.09579071538895262,0.9992882217561558,0.12085781812788747
